timestamp,turn,hex_id,kp_type,kp_value_start,kp_controlled_by,kp_income_generated,kp_value_end
2025-09-19T23:06:10.017867,,"51,-12",miasto,0,Neutral,0,0
2025-09-19T23:06:10.017867,,"51,-13",miasto,0,Neutral,0,0
2025-09-19T23:06:10.017867,,"52,-13",miasto,0,Neutral,0,0
2025-09-19T23:06:10.017867,,"50,-11",miasto,0,Neutral,0,0
2025-09-19T23:06:10.017867,,"51,-11",miasto,0,Neutral,0,0
2025-09-19T23:06:10.017867,,"50,-12",miasto,0,Neutral,0,0
2025-09-19T23:06:10.017867,,"43,-14",fortyfikacja,0,Neutral,0,0
2025-09-19T23:06:10.017867,,"9,-4",miasto,0,Neutral,0,0
2025-09-19T23:06:10.017867,,"15,6",węzeł komunikacyjny,0,Neutral,0,0
2025-09-19T23:06:10.017867,,"28,3",węzeł komunikacyjny,0,Neutral,0,0
2025-09-19T23:06:10.017867,,"27,4",węzeł komunikacyjny,0,Neutral,0,0
2025-09-19T23:06:10.017867,,"15,-7",miasto,0,Neutral,0,0
2025-09-19T23:06:10.017867,,"9,-3",miasto,0,Neutral,0,0
2025-09-19T23:06:10.017867,,"8,-3",miasto,0,Neutral,0,0
2025-09-19T23:06:10.017867,,"24,-8",miasto,0,Neutral,0,0
2025-09-19T23:06:10.017867,,"24,-7",most,0,Neutral,0,0
2025-09-19T23:06:10.017867,,"16,19",miasto,0,Neutral,0,0
2025-09-19T23:06:10.017867,,"16,20",miasto,0,Neutral,0,0
2025-09-19T23:06:10.017867,,"6,26",miasto,0,Neutral,0,0
2025-09-19T23:06:10.017867,,"32,6",węzeł komunikacyjny,0,Neutral,0,0
2025-09-19T23:06:10.017867,,"33,5",węzeł komunikacyjny,0,Neutral,0,0
2025-09-19T23:06:10.017867,,"34,11",miasto,0,Neutral,0,0
2025-09-19T23:06:10.017867,,"44,-15",miasto,0,Neutral,0,0
2025-09-19T23:06:10.017867,,"45,-15",miasto,0,Neutral,0,0
2025-09-19T23:06:10.017867,,"42,-14",fortyfikacja,0,Neutral,0,0
2025-09-19T23:06:10.017867,,"43,-15",fortyfikacja,0,Neutral,0,0
2025-09-19T23:06:10.017867,,"35,-4",węzeł komunikacyjny,0,Neutral,0,0
2025-09-19T23:06:10.017867,,"23,-7",most,0,Neutral,0,0
2025-09-19T23:06:10.017867,,"15,-6",most,0,Neutral,0,0
2025-09-19T23:06:17.923672,,"51,-12",miasto,0,Neutral,0,0
2025-09-19T23:06:17.923672,,"51,-13",miasto,0,Neutral,0,0
2025-09-19T23:06:17.923672,,"52,-13",miasto,0,Neutral,0,0
2025-09-19T23:06:17.923672,,"50,-11",miasto,0,Neutral,0,0
2025-09-19T23:06:17.923672,,"51,-11",miasto,0,Neutral,0,0
2025-09-19T23:06:17.923672,,"50,-12",miasto,0,Neutral,0,0
2025-09-19T23:06:17.923672,,"43,-14",fortyfikacja,0,Neutral,0,0
2025-09-19T23:06:17.923672,,"9,-4",miasto,0,Neutral,0,0
2025-09-19T23:06:17.923672,,"15,6",węzeł komunikacyjny,0,Neutral,0,0
2025-09-19T23:06:17.923672,,"28,3",węzeł komunikacyjny,0,Neutral,0,0
2025-09-19T23:06:17.923672,,"27,4",węzeł komunikacyjny,0,Neutral,0,0
2025-09-19T23:06:17.923672,,"15,-7",miasto,0,Neutral,0,0
2025-09-19T23:06:17.923672,,"9,-3",miasto,0,Neutral,0,0
2025-09-19T23:06:17.923672,,"8,-3",miasto,0,Neutral,0,0
2025-09-19T23:06:17.923672,,"24,-8",miasto,0,Neutral,0,0
2025-09-19T23:06:17.923672,,"24,-7",most,0,Neutral,0,0
2025-09-19T23:06:17.923672,,"16,19",miasto,0,Neutral,0,0
2025-09-19T23:06:17.923672,,"16,20",miasto,0,Neutral,0,0
2025-09-19T23:06:17.923672,,"6,26",miasto,0,Neutral,0,0
2025-09-19T23:06:17.923672,,"32,6",węzeł komunikacyjny,0,Neutral,0,0
2025-09-19T23:06:17.923672,,"33,5",węzeł komunikacyjny,0,Neutral,0,0
2025-09-19T23:06:17.923672,,"34,11",miasto,0,Neutral,0,0
2025-09-19T23:06:17.923672,,"44,-15",miasto,0,Neutral,0,0
2025-09-19T23:06:17.923672,,"45,-15",miasto,0,Neutral,0,0
2025-09-19T23:06:17.923672,,"42,-14",fortyfikacja,0,Neutral,0,0
2025-09-19T23:06:17.923672,,"43,-15",fortyfikacja,0,Neutral,0,0
2025-09-19T23:06:17.923672,,"35,-4",węzeł komunikacyjny,0,Neutral,0,0
2025-09-19T23:06:17.923672,,"23,-7",most,0,Neutral,0,0
2025-09-19T23:06:17.923672,,"15,-6",most,0,Neutral,0,0
2025-09-19T23:06:27.181811,,"51,-12",miasto,0,Neutral,0,0
2025-09-19T23:06:27.181811,,"51,-13",miasto,0,Neutral,0,0
2025-09-19T23:06:27.181811,,"52,-13",miasto,0,Neutral,0,0
2025-09-19T23:06:27.181811,,"50,-11",miasto,0,Neutral,0,0
2025-09-19T23:06:27.181811,,"51,-11",miasto,0,Neutral,0,0
2025-09-19T23:06:27.181811,,"50,-12",miasto,0,Neutral,0,0
2025-09-19T23:06:27.181811,,"43,-14",fortyfikacja,0,Neutral,0,0
2025-09-19T23:06:27.181811,,"9,-4",miasto,0,Neutral,0,0
2025-09-19T23:06:27.181811,,"15,6",węzeł komunikacyjny,0,Neutral,0,0
2025-09-19T23:06:27.181811,,"28,3",węzeł komunikacyjny,0,Neutral,0,0
2025-09-19T23:06:27.181811,,"27,4",węzeł komunikacyjny,0,Neutral,0,0
2025-09-19T23:06:27.181811,,"15,-7",miasto,0,Neutral,0,0
2025-09-19T23:06:27.181811,,"9,-3",miasto,0,Neutral,0,0
2025-09-19T23:06:27.181811,,"8,-3",miasto,0,Neutral,0,0
2025-09-19T23:06:27.181811,,"24,-8",miasto,0,Neutral,0,0
2025-09-19T23:06:27.181811,,"24,-7",most,0,Neutral,0,0
2025-09-19T23:06:27.181811,,"16,19",miasto,0,Neutral,0,0
2025-09-19T23:06:27.181811,,"16,20",miasto,0,Neutral,0,0
2025-09-19T23:06:27.181811,,"6,26",miasto,0,Neutral,0,0
2025-09-19T23:06:27.181811,,"32,6",węzeł komunikacyjny,0,Neutral,0,0
2025-09-19T23:06:27.181811,,"33,5",węzeł komunikacyjny,0,Neutral,0,0
2025-09-19T23:06:27.181811,,"34,11",miasto,0,Neutral,0,0
2025-09-19T23:06:27.181811,,"44,-15",miasto,0,Neutral,0,0
2025-09-19T23:06:27.181811,,"45,-15",miasto,0,Neutral,0,0
2025-09-19T23:06:27.181811,,"42,-14",fortyfikacja,0,Neutral,0,0
2025-09-19T23:06:27.181811,,"43,-15",fortyfikacja,0,Neutral,0,0
2025-09-19T23:06:27.181811,,"35,-4",węzeł komunikacyjny,0,Neutral,0,0
2025-09-19T23:06:27.181811,,"23,-7",most,0,Neutral,0,0
2025-09-19T23:06:27.181811,,"15,-6",most,0,Neutral,0,0
2025-09-19T23:06:34.976459,,"51,-12",miasto,0,Neutral,0,0
2025-09-19T23:06:34.976459,,"51,-13",miasto,0,Neutral,0,0
2025-09-19T23:06:34.976459,,"52,-13",miasto,0,Neutral,0,0
2025-09-19T23:06:34.976459,,"50,-11",miasto,0,Neutral,0,0
2025-09-19T23:06:34.976459,,"51,-11",miasto,0,Neutral,0,0
2025-09-19T23:06:34.976459,,"50,-12",miasto,0,Neutral,0,0
2025-09-19T23:06:34.976459,,"43,-14",fortyfikacja,0,Neutral,0,0
2025-09-19T23:06:34.976459,,"9,-4",miasto,0,Neutral,0,0
2025-09-19T23:06:34.976459,,"15,6",węzeł komunikacyjny,0,Neutral,0,0
2025-09-19T23:06:34.976459,,"28,3",węzeł komunikacyjny,0,Neutral,0,0
2025-09-19T23:06:34.976459,,"27,4",węzeł komunikacyjny,0,Neutral,0,0
2025-09-19T23:06:34.976459,,"15,-7",miasto,0,Neutral,0,0
2025-09-19T23:06:34.976459,,"9,-3",miasto,0,Neutral,0,0
2025-09-19T23:06:34.976459,,"8,-3",miasto,0,Neutral,0,0
2025-09-19T23:06:34.976459,,"24,-8",miasto,0,Neutral,0,0
2025-09-19T23:06:34.976459,,"24,-7",most,0,Neutral,0,0
2025-09-19T23:06:34.976459,,"16,19",miasto,0,Neutral,0,0
2025-09-19T23:06:34.976459,,"16,20",miasto,0,Neutral,0,0
2025-09-19T23:06:34.976459,,"6,26",miasto,0,Neutral,0,0
2025-09-19T23:06:34.976459,,"32,6",węzeł komunikacyjny,0,Neutral,0,0
2025-09-19T23:06:34.976459,,"33,5",węzeł komunikacyjny,0,Neutral,0,0
2025-09-19T23:06:34.976459,,"34,11",miasto,0,Neutral,0,0
2025-09-19T23:06:34.976459,,"44,-15",miasto,0,Neutral,0,0
2025-09-19T23:06:34.976459,,"45,-15",miasto,0,Neutral,0,0
2025-09-19T23:06:34.976459,,"42,-14",fortyfikacja,0,Neutral,0,0
2025-09-19T23:06:34.976459,,"43,-15",fortyfikacja,0,Neutral,0,0
2025-09-19T23:06:34.976459,,"35,-4",węzeł komunikacyjny,0,Neutral,0,0
2025-09-19T23:06:34.976459,,"23,-7",most,0,Neutral,0,0
2025-09-19T23:06:34.976459,,"15,-6",most,0,Neutral,0,0
2025-09-19T23:06:45.215285,,"51,-12",miasto,0,Neutral,0,0
2025-09-19T23:06:45.215285,,"51,-13",miasto,0,Neutral,0,0
2025-09-19T23:06:45.215285,,"52,-13",miasto,0,Neutral,0,0
2025-09-19T23:06:45.215285,,"50,-11",miasto,0,Neutral,0,0
2025-09-19T23:06:45.215285,,"51,-11",miasto,0,Neutral,0,0
2025-09-19T23:06:45.215285,,"50,-12",miasto,0,Neutral,0,0
2025-09-19T23:06:45.215285,,"43,-14",fortyfikacja,0,Neutral,0,0
2025-09-19T23:06:45.215285,,"9,-4",miasto,0,Neutral,0,0
2025-09-19T23:06:45.215285,,"15,6",węzeł komunikacyjny,0,Neutral,0,0
2025-09-19T23:06:45.215285,,"28,3",węzeł komunikacyjny,0,Neutral,0,0
2025-09-19T23:06:45.215285,,"27,4",węzeł komunikacyjny,0,Neutral,0,0
2025-09-19T23:06:45.215285,,"15,-7",miasto,0,Neutral,0,0
2025-09-19T23:06:45.215285,,"9,-3",miasto,0,Neutral,0,0
2025-09-19T23:06:45.215285,,"8,-3",miasto,0,Neutral,0,0
2025-09-19T23:06:45.215285,,"24,-8",miasto,0,Neutral,0,0
2025-09-19T23:06:45.215285,,"24,-7",most,0,Neutral,0,0
2025-09-19T23:06:45.215285,,"16,19",miasto,0,Neutral,0,0
2025-09-19T23:06:45.215285,,"16,20",miasto,0,Neutral,0,0
2025-09-19T23:06:45.215285,,"6,26",miasto,0,Neutral,0,0
2025-09-19T23:06:45.215285,,"32,6",węzeł komunikacyjny,0,Neutral,0,0
2025-09-19T23:06:45.215285,,"33,5",węzeł komunikacyjny,0,Neutral,0,0
2025-09-19T23:06:45.215285,,"34,11",miasto,0,Neutral,0,0
2025-09-19T23:06:45.215285,,"44,-15",miasto,0,Neutral,0,0
2025-09-19T23:06:45.215285,,"45,-15",miasto,0,Neutral,0,0
2025-09-19T23:06:45.215285,,"42,-14",fortyfikacja,0,Neutral,0,0
2025-09-19T23:06:45.215285,,"43,-15",fortyfikacja,0,Neutral,0,0
2025-09-19T23:06:45.215285,,"35,-4",węzeł komunikacyjny,0,Neutral,0,0
2025-09-19T23:06:45.215285,,"23,-7",most,0,Neutral,0,0
2025-09-19T23:06:45.215285,,"15,-6",most,0,Neutral,0,0
2025-09-19T23:06:55.958521,,"51,-12",miasto,0,Neutral,0,0
2025-09-19T23:06:55.958521,,"51,-13",miasto,0,Neutral,0,0
2025-09-19T23:06:55.958521,,"52,-13",miasto,0,Neutral,0,0
2025-09-19T23:06:55.958521,,"50,-11",miasto,0,Neutral,0,0
2025-09-19T23:06:55.958521,,"51,-11",miasto,0,Neutral,0,0
2025-09-19T23:06:55.958521,,"50,-12",miasto,0,Neutral,0,0
2025-09-19T23:06:55.958521,,"43,-14",fortyfikacja,0,Neutral,0,0
2025-09-19T23:06:55.958521,,"9,-4",miasto,0,Neutral,0,0
2025-09-19T23:06:55.958521,,"15,6",węzeł komunikacyjny,0,Neutral,0,0
2025-09-19T23:06:55.958521,,"28,3",węzeł komunikacyjny,0,Neutral,0,0
2025-09-19T23:06:55.958521,,"27,4",węzeł komunikacyjny,0,Neutral,0,0
2025-09-19T23:06:55.958521,,"15,-7",miasto,0,Neutral,0,0
2025-09-19T23:06:55.958521,,"9,-3",miasto,0,Neutral,0,0
2025-09-19T23:06:55.958521,,"8,-3",miasto,0,Neutral,0,0
2025-09-19T23:06:55.958521,,"24,-8",miasto,0,Neutral,0,0
2025-09-19T23:06:55.958521,,"24,-7",most,0,Neutral,0,0
2025-09-19T23:06:55.958521,,"16,19",miasto,0,Neutral,0,0
2025-09-19T23:06:55.958521,,"16,20",miasto,0,Neutral,0,0
2025-09-19T23:06:55.958521,,"6,26",miasto,0,Neutral,0,0
2025-09-19T23:06:55.958521,,"32,6",węzeł komunikacyjny,0,Neutral,0,0
2025-09-19T23:06:55.958521,,"33,5",węzeł komunikacyjny,0,Neutral,0,0
2025-09-19T23:06:55.958521,,"34,11",miasto,0,Neutral,0,0
2025-09-19T23:06:55.958521,,"44,-15",miasto,0,Neutral,0,0
2025-09-19T23:06:55.958521,,"45,-15",miasto,0,Neutral,0,0
2025-09-19T23:06:55.958521,,"42,-14",fortyfikacja,0,Neutral,0,0
2025-09-19T23:06:55.958521,,"43,-15",fortyfikacja,0,Neutral,0,0
2025-09-19T23:06:55.958521,,"35,-4",węzeł komunikacyjny,0,Neutral,0,0
2025-09-19T23:06:55.958521,,"23,-7",most,0,Neutral,0,0
2025-09-19T23:06:55.958521,,"15,-6",most,0,Neutral,0,0
2025-09-19T23:07:08.056830,,"51,-12",miasto,0,Neutral,0,0
2025-09-19T23:07:08.056830,,"51,-13",miasto,0,Neutral,0,0
2025-09-19T23:07:08.056830,,"52,-13",miasto,0,Neutral,0,0
2025-09-19T23:07:08.056830,,"50,-11",miasto,0,Neutral,0,0
2025-09-19T23:07:08.056830,,"51,-11",miasto,0,Neutral,0,0
2025-09-19T23:07:08.056830,,"50,-12",miasto,0,Neutral,0,0
2025-09-19T23:07:08.056830,,"43,-14",fortyfikacja,0,Neutral,0,0
2025-09-19T23:07:08.056830,,"9,-4",miasto,0,Neutral,0,0
2025-09-19T23:07:08.056830,,"15,6",węzeł komunikacyjny,0,Neutral,0,0
2025-09-19T23:07:08.056830,,"28,3",węzeł komunikacyjny,0,Neutral,0,0
2025-09-19T23:07:08.056830,,"27,4",węzeł komunikacyjny,0,Neutral,0,0
2025-09-19T23:07:08.056830,,"15,-7",miasto,0,Neutral,0,0
2025-09-19T23:07:08.056830,,"9,-3",miasto,0,Neutral,0,0
2025-09-19T23:07:08.056830,,"8,-3",miasto,0,Neutral,0,0
2025-09-19T23:07:08.056830,,"24,-8",miasto,0,Neutral,0,0
2025-09-19T23:07:08.056830,,"24,-7",most,0,Neutral,0,0
2025-09-19T23:07:08.056830,,"16,19",miasto,0,Neutral,0,0
2025-09-19T23:07:08.056830,,"16,20",miasto,0,Neutral,0,0
2025-09-19T23:07:08.056830,,"6,26",miasto,0,Neutral,0,0
2025-09-19T23:07:08.056830,,"32,6",węzeł komunikacyjny,0,Neutral,0,0
2025-09-19T23:07:08.056830,,"33,5",węzeł komunikacyjny,0,Neutral,0,0
2025-09-19T23:07:08.056830,,"34,11",miasto,0,Neutral,0,0
2025-09-19T23:07:08.056830,,"44,-15",miasto,0,Neutral,0,0
2025-09-19T23:07:08.056830,,"45,-15",miasto,0,Neutral,0,0
2025-09-19T23:07:08.056830,,"42,-14",fortyfikacja,0,Neutral,0,0
2025-09-19T23:07:08.056830,,"43,-15",fortyfikacja,0,Neutral,0,0
2025-09-19T23:07:08.056830,,"35,-4",węzeł komunikacyjny,0,Neutral,0,0
2025-09-19T23:07:08.056830,,"23,-7",most,0,Neutral,0,0
2025-09-19T23:07:08.056830,,"15,-6",most,0,Neutral,0,0
2025-09-19T23:07:25.843057,,"51,-12",miasto,0,Neutral,0,0
2025-09-19T23:07:25.843057,,"51,-13",miasto,0,Neutral,0,0
2025-09-19T23:07:25.843057,,"52,-13",miasto,0,Neutral,0,0
2025-09-19T23:07:25.843057,,"50,-11",miasto,0,Neutral,0,0
2025-09-19T23:07:25.843057,,"51,-11",miasto,0,Neutral,0,0
2025-09-19T23:07:25.843057,,"50,-12",miasto,0,Neutral,0,0
2025-09-19T23:07:25.843057,,"43,-14",fortyfikacja,0,Neutral,0,0
2025-09-19T23:07:25.843057,,"9,-4",miasto,0,Neutral,0,0
2025-09-19T23:07:25.843057,,"15,6",węzeł komunikacyjny,0,Neutral,0,0
2025-09-19T23:07:25.843057,,"28,3",węzeł komunikacyjny,0,Neutral,0,0
2025-09-19T23:07:25.843057,,"27,4",węzeł komunikacyjny,0,Neutral,0,0
2025-09-19T23:07:25.843057,,"15,-7",miasto,0,Neutral,0,0
2025-09-19T23:07:25.843057,,"9,-3",miasto,0,Neutral,0,0
2025-09-19T23:07:25.843057,,"8,-3",miasto,0,Neutral,0,0
2025-09-19T23:07:25.843057,,"24,-8",miasto,0,Neutral,0,0
2025-09-19T23:07:25.843057,,"24,-7",most,0,Neutral,0,0
2025-09-19T23:07:25.843057,,"16,19",miasto,0,Neutral,0,0
2025-09-19T23:07:25.843057,,"16,20",miasto,0,Neutral,0,0
2025-09-19T23:07:25.843057,,"6,26",miasto,0,Neutral,0,0
2025-09-19T23:07:25.843057,,"32,6",węzeł komunikacyjny,0,Neutral,0,0
2025-09-19T23:07:25.843057,,"33,5",węzeł komunikacyjny,0,Neutral,0,0
2025-09-19T23:07:25.843057,,"34,11",miasto,0,Neutral,0,0
2025-09-19T23:07:25.843057,,"44,-15",miasto,0,Neutral,0,0
2025-09-19T23:07:25.843057,,"45,-15",miasto,0,Neutral,0,0
2025-09-19T23:07:25.843057,,"42,-14",fortyfikacja,0,Neutral,0,0
2025-09-19T23:07:25.843057,,"43,-15",fortyfikacja,0,Neutral,0,0
2025-09-19T23:07:25.843057,,"35,-4",węzeł komunikacyjny,0,Neutral,0,0
2025-09-19T23:07:25.843057,,"23,-7",most,0,Neutral,0,0
2025-09-19T23:07:25.843057,,"15,-6",most,0,Neutral,0,0
2025-09-19T23:07:38.598912,,"51,-12",miasto,0,Neutral,0,0
2025-09-19T23:07:38.598912,,"51,-13",miasto,0,Neutral,0,0
2025-09-19T23:07:38.598912,,"52,-13",miasto,0,Neutral,0,0
2025-09-19T23:07:38.598912,,"50,-11",miasto,0,Neutral,0,0
2025-09-19T23:07:38.598912,,"51,-11",miasto,0,Neutral,0,0
2025-09-19T23:07:38.598912,,"50,-12",miasto,0,Neutral,0,0
2025-09-19T23:07:38.598912,,"43,-14",fortyfikacja,0,Neutral,0,0
2025-09-19T23:07:38.598912,,"9,-4",miasto,0,Neutral,0,0
2025-09-19T23:07:38.598912,,"15,6",węzeł komunikacyjny,0,Neutral,0,0
2025-09-19T23:07:38.598912,,"28,3",węzeł komunikacyjny,0,Neutral,0,0
2025-09-19T23:07:38.598912,,"27,4",węzeł komunikacyjny,0,Neutral,0,0
2025-09-19T23:07:38.598912,,"15,-7",miasto,0,Neutral,0,0
2025-09-19T23:07:38.598912,,"9,-3",miasto,0,Neutral,0,0
2025-09-19T23:07:38.598912,,"8,-3",miasto,0,Neutral,0,0
2025-09-19T23:07:38.598912,,"24,-8",miasto,0,Neutral,0,0
2025-09-19T23:07:38.598912,,"24,-7",most,0,Neutral,0,0
2025-09-19T23:07:38.598912,,"16,19",miasto,0,Neutral,0,0
2025-09-19T23:07:38.598912,,"16,20",miasto,0,Neutral,0,0
2025-09-19T23:07:38.598912,,"6,26",miasto,0,Neutral,0,0
2025-09-19T23:07:38.598912,,"32,6",węzeł komunikacyjny,0,Neutral,0,0
2025-09-19T23:07:38.598912,,"33,5",węzeł komunikacyjny,0,Neutral,0,0
2025-09-19T23:07:38.598912,,"34,11",miasto,0,Neutral,0,0
2025-09-19T23:07:38.598912,,"44,-15",miasto,0,Neutral,0,0
2025-09-19T23:07:38.598912,,"45,-15",miasto,0,Neutral,0,0
2025-09-19T23:07:38.598912,,"42,-14",fortyfikacja,0,Neutral,0,0
2025-09-19T23:07:38.598912,,"43,-15",fortyfikacja,0,Neutral,0,0
2025-09-19T23:07:38.598912,,"35,-4",węzeł komunikacyjny,0,Neutral,0,0
2025-09-19T23:07:38.598912,,"23,-7",most,0,Neutral,0,0
2025-09-19T23:07:38.598912,,"15,-6",most,0,Neutral,0,0
2025-09-19T23:08:38.327096,,"51,-12",miasto,0,Neutral,0,0
2025-09-19T23:08:38.327096,,"51,-13",miasto,0,Neutral,0,0
2025-09-19T23:08:38.327096,,"52,-13",miasto,0,Neutral,0,0
2025-09-19T23:08:38.327096,,"50,-11",miasto,0,Neutral,0,0
2025-09-19T23:08:38.327096,,"51,-11",miasto,0,Neutral,0,0
2025-09-19T23:08:38.327096,,"50,-12",miasto,0,Neutral,0,0
2025-09-19T23:08:38.327096,,"43,-14",fortyfikacja,0,Neutral,0,0
2025-09-19T23:08:38.327096,,"9,-4",miasto,0,Neutral,0,0
2025-09-19T23:08:38.327096,,"15,6",węzeł komunikacyjny,0,Neutral,0,0
2025-09-19T23:08:38.327096,,"28,3",węzeł komunikacyjny,0,Neutral,0,0
2025-09-19T23:08:38.327096,,"27,4",węzeł komunikacyjny,0,Neutral,0,0
2025-09-19T23:08:38.327096,,"15,-7",miasto,0,Neutral,0,0
2025-09-19T23:08:38.327096,,"9,-3",miasto,0,Neutral,0,0
2025-09-19T23:08:38.327096,,"8,-3",miasto,0,Neutral,0,0
2025-09-19T23:08:38.327096,,"24,-8",miasto,0,Neutral,0,0
2025-09-19T23:08:38.327096,,"24,-7",most,0,Neutral,0,0
2025-09-19T23:08:38.327096,,"16,19",miasto,0,Neutral,0,0
2025-09-19T23:08:38.327096,,"16,20",miasto,0,Neutral,0,0
2025-09-19T23:08:38.327096,,"6,26",miasto,0,Neutral,0,0
2025-09-19T23:08:38.327096,,"32,6",węzeł komunikacyjny,0,Neutral,0,0
2025-09-19T23:08:38.327096,,"33,5",węzeł komunikacyjny,0,Neutral,0,0
2025-09-19T23:08:38.327096,,"34,11",miasto,0,Neutral,0,0
2025-09-19T23:08:38.327096,,"44,-15",miasto,0,Neutral,0,0
2025-09-19T23:08:38.327096,,"45,-15",miasto,0,Neutral,0,0
2025-09-19T23:08:38.327096,,"42,-14",fortyfikacja,0,Neutral,0,0
2025-09-19T23:08:38.327096,,"43,-15",fortyfikacja,0,Neutral,0,0
2025-09-19T23:08:38.327096,,"35,-4",węzeł komunikacyjny,0,Neutral,0,0
2025-09-19T23:08:38.327096,,"23,-7",most,0,Neutral,0,0
2025-09-19T23:08:38.327096,,"15,-6",most,0,Neutral,0,0
