data_czas,tura,nacja,typ_decyzji,zakres_decyzji,priorytet,czynniki_kontekstu,oczekiwany_efekt,rzeczywisty_efekt,poziom_pewnosci,horyzont_czasowy,zaangazowane_zasoby,rozwazone_alternatywy,uzasadnienie_decyzji,ocena_ryzyka,prawdopodobienstwo_sukcesu,zgodnosc_ze_strategia,przewidywany_wplyw_vp,wplyw_ekonomiczny
2025-09-19 23:10:09,1,Polska,TURN_START_VICTORY_AI,STRATEGIC_INITIALIZATION,CRITICAL,"nation=Polska, tokens=0, captured_kps=0",VICTORY_AI_ACTIVATION,N/A,HIGH,SINGLE_TURN,HIGH,N/A,Inicjalizacja Victory AI dla gracza 2 (Polska) w turze 1,N/A,N/A,CRITICAL,STRATEGIC_POSITIVE,N/A
2025-09-19 23:10:09,UNKNOWN,UNKNOWN,SCOUT_IDENTIFICATION,UNIT_ANALYSIS,MEDIUM,"total_units=0, scouts_found=0",EFFICIENT_RECONNAISSANCE,N/A,HIGH,IMMEDIATE,LOW,N/A,Identyfikacja 0 jednostek zwiadu z 0 dostępnych,N/A,N/A,N/A,INDIRECT_POSITIVE,N/A
2025-09-19 23:10:09,UNKNOWN,UNKNOWN,ENEMY_DETECTION,INTELLIGENCE_GATHERING,CRITICAL,"vision_positions=0, tokens_checked=40, enemies_detected=0",THREAT_IDENTIFICATION,N/A,HIGH,IMMEDIATE,LOW,N/A,Wykryto 0 wrogich jednostek z 0 pozycji obserwacji,N/A,N/A,HIGH,DIRECT_POSITIVE,N/A
2025-09-19 23:10:09,1,2,PHASE1_SUMMARY,STRATEGIC_PLANNING,CRITICAL,"units=0, scouts_id=0, scouts_deployed=0, enemies=0",INTELLIGENCE_GATHERED,0_OPPORTUNITIES_IDENTIFIED,HIGH,MULTI_TURN,MEDIUM,N/A,"Faza 1 zakończona: 0 scoutów, 0 wrogów, 0 okazji",N/A,N/A,HIGH,STRATEGIC_FOUNDATION,N/A
2025-09-19 23:10:09,UNKNOWN,UNKNOWN,SCOUT_IDENTIFICATION,UNIT_ANALYSIS,MEDIUM,"total_units=0, scouts_found=0",EFFICIENT_RECONNAISSANCE,N/A,HIGH,IMMEDIATE,LOW,N/A,Identyfikacja 0 jednostek zwiadu z 0 dostępnych,N/A,N/A,N/A,INDIRECT_POSITIVE,N/A
2025-09-19 23:10:09,UNKNOWN,UNKNOWN,ENEMY_DETECTION,INTELLIGENCE_GATHERING,CRITICAL,"vision_positions=0, tokens_checked=40, enemies_detected=0",THREAT_IDENTIFICATION,N/A,HIGH,IMMEDIATE,LOW,N/A,Wykryto 0 wrogich jednostek z 0 pozycji obserwacji,N/A,N/A,HIGH,DIRECT_POSITIVE,N/A
2025-09-19 23:10:09,1,2,PHASE1_SUMMARY,STRATEGIC_PLANNING,CRITICAL,"units=0, scouts_id=0, scouts_deployed=0, enemies=0",INTELLIGENCE_GATHERED,0_OPPORTUNITIES_IDENTIFIED,HIGH,MULTI_TURN,MEDIUM,N/A,"Faza 1 zakończona: 0 scoutów, 0 wrogów, 0 okazji",N/A,N/A,HIGH,STRATEGIC_FOUNDATION,N/A
2025-09-19 23:10:09,1,Polska,TURN_START,STRATEGIC_INITIALIZATION,CRITICAL,"nation=Polska, total_units=0, available_units=0",PHASE3_EXECUTION,N/A,HIGH,SINGLE_TURN,HIGH,N/A,Rozpoczęcie tury 1 dla Polska z 0 jednostkami,N/A,N/A,CRITICAL,STRATEGIC_POSITIONING,N/A
2025-09-19 23:10:09,UNKNOWN,UNKNOWN,SCOUT_IDENTIFICATION,UNIT_ANALYSIS,MEDIUM,"total_units=0, scouts_found=0",EFFICIENT_RECONNAISSANCE,N/A,HIGH,IMMEDIATE,LOW,N/A,Identyfikacja 0 jednostek zwiadu z 0 dostępnych,N/A,N/A,N/A,INDIRECT_POSITIVE,N/A
2025-09-19 23:10:09,UNKNOWN,UNKNOWN,ENEMY_DETECTION,INTELLIGENCE_GATHERING,CRITICAL,"vision_positions=0, tokens_checked=40, enemies_detected=0",THREAT_IDENTIFICATION,N/A,HIGH,IMMEDIATE,LOW,N/A,Wykryto 0 wrogich jednostek z 0 pozycji obserwacji,N/A,N/A,HIGH,DIRECT_POSITIVE,N/A
2025-09-19 23:10:09,1,2,PHASE1_SUMMARY,STRATEGIC_PLANNING,CRITICAL,"units=0, scouts_id=0, scouts_deployed=0, enemies=0",INTELLIGENCE_GATHERED,0_OPPORTUNITIES_IDENTIFIED,HIGH,MULTI_TURN,MEDIUM,N/A,"Faza 1 zakończona: 0 scoutów, 0 wrogów, 0 okazji",N/A,N/A,HIGH,STRATEGIC_FOUNDATION,N/A
2025-09-19 23:10:09,UNKNOWN,UNKNOWN,SCOUT_IDENTIFICATION,UNIT_ANALYSIS,MEDIUM,"total_units=0, scouts_found=0",EFFICIENT_RECONNAISSANCE,N/A,HIGH,IMMEDIATE,LOW,N/A,Identyfikacja 0 jednostek zwiadu z 0 dostępnych,N/A,N/A,N/A,INDIRECT_POSITIVE,N/A
2025-09-19 23:10:09,UNKNOWN,UNKNOWN,ENEMY_DETECTION,INTELLIGENCE_GATHERING,CRITICAL,"vision_positions=0, tokens_checked=40, enemies_detected=0",THREAT_IDENTIFICATION,N/A,HIGH,IMMEDIATE,LOW,N/A,Wykryto 0 wrogich jednostek z 0 pozycji obserwacji,N/A,N/A,HIGH,DIRECT_POSITIVE,N/A
2025-09-19 23:10:09,1,2,PHASE1_SUMMARY,STRATEGIC_PLANNING,CRITICAL,"units=0, scouts_id=0, scouts_deployed=0, enemies=0",INTELLIGENCE_GATHERED,0_OPPORTUNITIES_IDENTIFIED,HIGH,MULTI_TURN,MEDIUM,N/A,"Faza 1 zakończona: 0 scoutów, 0 wrogów, 0 okazji",N/A,N/A,HIGH,STRATEGIC_FOUNDATION,N/A
2025-09-19 23:10:09,1,Polska,TURN_START,STRATEGIC_INITIALIZATION,CRITICAL,"nation=Polska, total_units=0, available_units=0",PHASE3_EXECUTION,N/A,HIGH,SINGLE_TURN,HIGH,N/A,Rozpoczęcie tury 1 dla Polska z 0 jednostkami,N/A,N/A,CRITICAL,STRATEGIC_POSITIONING,N/A
2025-09-19 23:10:10,N/A,Polska,STRATEGIC_DECISION,OPERATIONS,MEDIUM,"state=REASSIGNMENT, groups=4, reassignments=0",N/A,N/A,MEDIUM,N/A,N/A,N/A,"Strategy: REASSIGNMENT, aggression 0.50",N/A,N/A,N/A,N/A,N/A
2025-09-19 23:10:10,N/A,Polska,STRATEGIC_DECISION,OPERATIONS,MEDIUM,"state=REASSIGNMENT, groups=4, reassignments=0",N/A,N/A,MEDIUM,N/A,N/A,N/A,"Strategy: REASSIGNMENT, aggression 0.50",N/A,N/A,N/A,N/A,N/A
2025-09-19 23:10:10,N/A,Polska,STRATEGIC_DECISION,OPERATIONS,MEDIUM,"state=REASSIGNMENT, groups=1, reassignments=0",N/A,N/A,MEDIUM,N/A,N/A,N/A,"Strategy: REASSIGNMENT, aggression 0.50",N/A,N/A,N/A,N/A,N/A
2025-09-19 23:10:10,N/A,Polska,STRATEGIC_DECISION,OPERATIONS,MEDIUM,"state=REASSIGNMENT, groups=1, reassignments=0",N/A,N/A,MEDIUM,N/A,N/A,N/A,"Strategy: REASSIGNMENT, aggression 0.50",N/A,N/A,N/A,N/A,N/A
2025-09-19 23:10:11,1,Polska,TURN_START_VICTORY_AI,STRATEGIC_INITIALIZATION,CRITICAL,"nation=Polska, tokens=0, captured_kps=0",VICTORY_AI_ACTIVATION,N/A,HIGH,SINGLE_TURN,HIGH,N/A,Inicjalizacja Victory AI dla gracza 3 (Polska) w turze 1,N/A,N/A,CRITICAL,STRATEGIC_POSITIVE,N/A
2025-09-19 23:10:11,UNKNOWN,UNKNOWN,SCOUT_IDENTIFICATION,UNIT_ANALYSIS,MEDIUM,"total_units=0, scouts_found=0",EFFICIENT_RECONNAISSANCE,N/A,HIGH,IMMEDIATE,LOW,N/A,Identyfikacja 0 jednostek zwiadu z 0 dostępnych,N/A,N/A,N/A,INDIRECT_POSITIVE,N/A
2025-09-19 23:10:11,UNKNOWN,UNKNOWN,ENEMY_DETECTION,INTELLIGENCE_GATHERING,CRITICAL,"vision_positions=0, tokens_checked=40, enemies_detected=0",THREAT_IDENTIFICATION,N/A,HIGH,IMMEDIATE,LOW,N/A,Wykryto 0 wrogich jednostek z 0 pozycji obserwacji,N/A,N/A,HIGH,DIRECT_POSITIVE,N/A
2025-09-19 23:10:11,1,3,PHASE1_SUMMARY,STRATEGIC_PLANNING,CRITICAL,"units=0, scouts_id=0, scouts_deployed=0, enemies=0",INTELLIGENCE_GATHERED,0_OPPORTUNITIES_IDENTIFIED,HIGH,MULTI_TURN,MEDIUM,N/A,"Faza 1 zakończona: 0 scoutów, 0 wrogów, 0 okazji",N/A,N/A,HIGH,STRATEGIC_FOUNDATION,N/A
2025-09-19 23:10:11,UNKNOWN,UNKNOWN,SCOUT_IDENTIFICATION,UNIT_ANALYSIS,MEDIUM,"total_units=0, scouts_found=0",EFFICIENT_RECONNAISSANCE,N/A,HIGH,IMMEDIATE,LOW,N/A,Identyfikacja 0 jednostek zwiadu z 0 dostępnych,N/A,N/A,N/A,INDIRECT_POSITIVE,N/A
2025-09-19 23:10:11,UNKNOWN,UNKNOWN,ENEMY_DETECTION,INTELLIGENCE_GATHERING,CRITICAL,"vision_positions=0, tokens_checked=40, enemies_detected=0",THREAT_IDENTIFICATION,N/A,HIGH,IMMEDIATE,LOW,N/A,Wykryto 0 wrogich jednostek z 0 pozycji obserwacji,N/A,N/A,HIGH,DIRECT_POSITIVE,N/A
2025-09-19 23:10:11,1,3,PHASE1_SUMMARY,STRATEGIC_PLANNING,CRITICAL,"units=0, scouts_id=0, scouts_deployed=0, enemies=0",INTELLIGENCE_GATHERED,0_OPPORTUNITIES_IDENTIFIED,HIGH,MULTI_TURN,MEDIUM,N/A,"Faza 1 zakończona: 0 scoutów, 0 wrogów, 0 okazji",N/A,N/A,HIGH,STRATEGIC_FOUNDATION,N/A
2025-09-19 23:10:11,1,Polska,TURN_START,STRATEGIC_INITIALIZATION,CRITICAL,"nation=Polska, total_units=0, available_units=0",PHASE3_EXECUTION,N/A,HIGH,SINGLE_TURN,HIGH,N/A,Rozpoczęcie tury 1 dla Polska z 0 jednostkami,N/A,N/A,CRITICAL,STRATEGIC_POSITIONING,N/A
2025-09-19 23:10:11,UNKNOWN,UNKNOWN,SCOUT_IDENTIFICATION,UNIT_ANALYSIS,MEDIUM,"total_units=0, scouts_found=0",EFFICIENT_RECONNAISSANCE,N/A,HIGH,IMMEDIATE,LOW,N/A,Identyfikacja 0 jednostek zwiadu z 0 dostępnych,N/A,N/A,N/A,INDIRECT_POSITIVE,N/A
2025-09-19 23:10:11,UNKNOWN,UNKNOWN,ENEMY_DETECTION,INTELLIGENCE_GATHERING,CRITICAL,"vision_positions=0, tokens_checked=40, enemies_detected=0",THREAT_IDENTIFICATION,N/A,HIGH,IMMEDIATE,LOW,N/A,Wykryto 0 wrogich jednostek z 0 pozycji obserwacji,N/A,N/A,HIGH,DIRECT_POSITIVE,N/A
2025-09-19 23:10:11,1,3,PHASE1_SUMMARY,STRATEGIC_PLANNING,CRITICAL,"units=0, scouts_id=0, scouts_deployed=0, enemies=0",INTELLIGENCE_GATHERED,0_OPPORTUNITIES_IDENTIFIED,HIGH,MULTI_TURN,MEDIUM,N/A,"Faza 1 zakończona: 0 scoutów, 0 wrogów, 0 okazji",N/A,N/A,HIGH,STRATEGIC_FOUNDATION,N/A
2025-09-19 23:10:11,UNKNOWN,UNKNOWN,SCOUT_IDENTIFICATION,UNIT_ANALYSIS,MEDIUM,"total_units=0, scouts_found=0",EFFICIENT_RECONNAISSANCE,N/A,HIGH,IMMEDIATE,LOW,N/A,Identyfikacja 0 jednostek zwiadu z 0 dostępnych,N/A,N/A,N/A,INDIRECT_POSITIVE,N/A
2025-09-19 23:10:11,UNKNOWN,UNKNOWN,ENEMY_DETECTION,INTELLIGENCE_GATHERING,CRITICAL,"vision_positions=0, tokens_checked=40, enemies_detected=0",THREAT_IDENTIFICATION,N/A,HIGH,IMMEDIATE,LOW,N/A,Wykryto 0 wrogich jednostek z 0 pozycji obserwacji,N/A,N/A,HIGH,DIRECT_POSITIVE,N/A
2025-09-19 23:10:11,1,3,PHASE1_SUMMARY,STRATEGIC_PLANNING,CRITICAL,"units=0, scouts_id=0, scouts_deployed=0, enemies=0",INTELLIGENCE_GATHERED,0_OPPORTUNITIES_IDENTIFIED,HIGH,MULTI_TURN,MEDIUM,N/A,"Faza 1 zakończona: 0 scoutów, 0 wrogów, 0 okazji",N/A,N/A,HIGH,STRATEGIC_FOUNDATION,N/A
2025-09-19 23:10:11,1,Polska,TURN_START,STRATEGIC_INITIALIZATION,CRITICAL,"nation=Polska, total_units=0, available_units=0",PHASE3_EXECUTION,N/A,HIGH,SINGLE_TURN,HIGH,N/A,Rozpoczęcie tury 1 dla Polska z 0 jednostkami,N/A,N/A,CRITICAL,STRATEGIC_POSITIONING,N/A
2025-09-19 23:10:12,N/A,Polska,STRATEGIC_DECISION,OPERATIONS,MEDIUM,"state=REASSIGNMENT, groups=4, reassignments=0",N/A,N/A,MEDIUM,N/A,N/A,N/A,"Strategy: REASSIGNMENT, aggression 0.50",N/A,N/A,N/A,N/A,N/A
2025-09-19 23:10:12,N/A,Polska,STRATEGIC_DECISION,OPERATIONS,MEDIUM,"state=REASSIGNMENT, groups=4, reassignments=0",N/A,N/A,MEDIUM,N/A,N/A,N/A,"Strategy: REASSIGNMENT, aggression 0.50",N/A,N/A,N/A,N/A,N/A
2025-09-19 23:10:12,N/A,Polska,STRATEGIC_DECISION,OPERATIONS,MEDIUM,"state=REASSIGNMENT, groups=1, reassignments=0",N/A,N/A,MEDIUM,N/A,N/A,N/A,"Strategy: REASSIGNMENT, aggression 0.50",N/A,N/A,N/A,N/A,N/A
2025-09-19 23:10:12,N/A,Polska,STRATEGIC_DECISION,OPERATIONS,MEDIUM,"state=REASSIGNMENT, groups=1, reassignments=0",N/A,N/A,MEDIUM,N/A,N/A,N/A,"Strategy: REASSIGNMENT, aggression 0.50",N/A,N/A,N/A,N/A,N/A
2025-09-19 23:10:12,N/A,Polska,STRATEGIC_DECISION,OPERATIONS,MEDIUM,"state=REASSIGNMENT, groups=1, reassignments=0",N/A,N/A,MEDIUM,N/A,N/A,N/A,"Strategy: REASSIGNMENT, aggression 0.50",N/A,N/A,N/A,N/A,N/A
2025-09-19 23:10:14,1,Niemcy,TURN_START_VICTORY_AI,STRATEGIC_INITIALIZATION,CRITICAL,"nation=Niemcy, tokens=0, captured_kps=0",VICTORY_AI_ACTIVATION,N/A,HIGH,SINGLE_TURN,HIGH,N/A,Inicjalizacja Victory AI dla gracza 5 (Niemcy) w turze 1,N/A,N/A,CRITICAL,STRATEGIC_POSITIVE,N/A
2025-09-19 23:10:14,UNKNOWN,UNKNOWN,SCOUT_IDENTIFICATION,UNIT_ANALYSIS,MEDIUM,"total_units=0, scouts_found=0",EFFICIENT_RECONNAISSANCE,N/A,HIGH,IMMEDIATE,LOW,N/A,Identyfikacja 0 jednostek zwiadu z 0 dostępnych,N/A,N/A,N/A,INDIRECT_POSITIVE,N/A
2025-09-19 23:10:14,UNKNOWN,UNKNOWN,ENEMY_DETECTION,INTELLIGENCE_GATHERING,CRITICAL,"vision_positions=0, tokens_checked=40, enemies_detected=0",THREAT_IDENTIFICATION,N/A,HIGH,IMMEDIATE,LOW,N/A,Wykryto 0 wrogich jednostek z 0 pozycji obserwacji,N/A,N/A,HIGH,DIRECT_POSITIVE,N/A
2025-09-19 23:10:14,1,5,PHASE1_SUMMARY,STRATEGIC_PLANNING,CRITICAL,"units=0, scouts_id=0, scouts_deployed=0, enemies=0",INTELLIGENCE_GATHERED,0_OPPORTUNITIES_IDENTIFIED,HIGH,MULTI_TURN,MEDIUM,N/A,"Faza 1 zakończona: 0 scoutów, 0 wrogów, 0 okazji",N/A,N/A,HIGH,STRATEGIC_FOUNDATION,N/A
2025-09-19 23:10:14,UNKNOWN,UNKNOWN,SCOUT_IDENTIFICATION,UNIT_ANALYSIS,MEDIUM,"total_units=0, scouts_found=0",EFFICIENT_RECONNAISSANCE,N/A,HIGH,IMMEDIATE,LOW,N/A,Identyfikacja 0 jednostek zwiadu z 0 dostępnych,N/A,N/A,N/A,INDIRECT_POSITIVE,N/A
2025-09-19 23:10:14,UNKNOWN,UNKNOWN,ENEMY_DETECTION,INTELLIGENCE_GATHERING,CRITICAL,"vision_positions=0, tokens_checked=40, enemies_detected=0",THREAT_IDENTIFICATION,N/A,HIGH,IMMEDIATE,LOW,N/A,Wykryto 0 wrogich jednostek z 0 pozycji obserwacji,N/A,N/A,HIGH,DIRECT_POSITIVE,N/A
2025-09-19 23:10:14,1,5,PHASE1_SUMMARY,STRATEGIC_PLANNING,CRITICAL,"units=0, scouts_id=0, scouts_deployed=0, enemies=0",INTELLIGENCE_GATHERED,0_OPPORTUNITIES_IDENTIFIED,HIGH,MULTI_TURN,MEDIUM,N/A,"Faza 1 zakończona: 0 scoutów, 0 wrogów, 0 okazji",N/A,N/A,HIGH,STRATEGIC_FOUNDATION,N/A
2025-09-19 23:10:14,1,Niemcy,TURN_START,STRATEGIC_INITIALIZATION,CRITICAL,"nation=Niemcy, total_units=0, available_units=0",PHASE3_EXECUTION,N/A,HIGH,SINGLE_TURN,HIGH,N/A,Rozpoczęcie tury 1 dla Niemcy z 0 jednostkami,N/A,N/A,CRITICAL,STRATEGIC_POSITIONING,N/A
2025-09-19 23:10:14,UNKNOWN,UNKNOWN,SCOUT_IDENTIFICATION,UNIT_ANALYSIS,MEDIUM,"total_units=0, scouts_found=0",EFFICIENT_RECONNAISSANCE,N/A,HIGH,IMMEDIATE,LOW,N/A,Identyfikacja 0 jednostek zwiadu z 0 dostępnych,N/A,N/A,N/A,INDIRECT_POSITIVE,N/A
2025-09-19 23:10:14,UNKNOWN,UNKNOWN,ENEMY_DETECTION,INTELLIGENCE_GATHERING,CRITICAL,"vision_positions=0, tokens_checked=40, enemies_detected=0",THREAT_IDENTIFICATION,N/A,HIGH,IMMEDIATE,LOW,N/A,Wykryto 0 wrogich jednostek z 0 pozycji obserwacji,N/A,N/A,HIGH,DIRECT_POSITIVE,N/A
2025-09-19 23:10:14,1,5,PHASE1_SUMMARY,STRATEGIC_PLANNING,CRITICAL,"units=0, scouts_id=0, scouts_deployed=0, enemies=0",INTELLIGENCE_GATHERED,0_OPPORTUNITIES_IDENTIFIED,HIGH,MULTI_TURN,MEDIUM,N/A,"Faza 1 zakończona: 0 scoutów, 0 wrogów, 0 okazji",N/A,N/A,HIGH,STRATEGIC_FOUNDATION,N/A
2025-09-19 23:10:14,UNKNOWN,UNKNOWN,SCOUT_IDENTIFICATION,UNIT_ANALYSIS,MEDIUM,"total_units=0, scouts_found=0",EFFICIENT_RECONNAISSANCE,N/A,HIGH,IMMEDIATE,LOW,N/A,Identyfikacja 0 jednostek zwiadu z 0 dostępnych,N/A,N/A,N/A,INDIRECT_POSITIVE,N/A
2025-09-19 23:10:14,UNKNOWN,UNKNOWN,ENEMY_DETECTION,INTELLIGENCE_GATHERING,CRITICAL,"vision_positions=0, tokens_checked=40, enemies_detected=0",THREAT_IDENTIFICATION,N/A,HIGH,IMMEDIATE,LOW,N/A,Wykryto 0 wrogich jednostek z 0 pozycji obserwacji,N/A,N/A,HIGH,DIRECT_POSITIVE,N/A
2025-09-19 23:10:14,1,5,PHASE1_SUMMARY,STRATEGIC_PLANNING,CRITICAL,"units=0, scouts_id=0, scouts_deployed=0, enemies=0",INTELLIGENCE_GATHERED,0_OPPORTUNITIES_IDENTIFIED,HIGH,MULTI_TURN,MEDIUM,N/A,"Faza 1 zakończona: 0 scoutów, 0 wrogów, 0 okazji",N/A,N/A,HIGH,STRATEGIC_FOUNDATION,N/A
2025-09-19 23:10:14,1,Niemcy,TURN_START,STRATEGIC_INITIALIZATION,CRITICAL,"nation=Niemcy, total_units=0, available_units=0",PHASE3_EXECUTION,N/A,HIGH,SINGLE_TURN,HIGH,N/A,Rozpoczęcie tury 1 dla Niemcy z 0 jednostkami,N/A,N/A,CRITICAL,STRATEGIC_POSITIONING,N/A
2025-09-19 23:10:14,N/A,Niemcy,STRATEGIC_DECISION,OPERATIONS,MEDIUM,"state=REASSIGNMENT, groups=2, reassignments=0",N/A,N/A,MEDIUM,N/A,N/A,N/A,"Strategy: REASSIGNMENT, aggression 0.50",N/A,N/A,N/A,N/A,N/A
2025-09-19 23:10:14,N/A,Niemcy,STRATEGIC_DECISION,OPERATIONS,MEDIUM,"state=REASSIGNMENT, groups=2, reassignments=0",N/A,N/A,MEDIUM,N/A,N/A,N/A,"Strategy: REASSIGNMENT, aggression 0.50",N/A,N/A,N/A,N/A,N/A
2025-09-19 23:10:14,N/A,Niemcy,STRATEGIC_DECISION,OPERATIONS,MEDIUM,"state=REASSIGNMENT, groups=1, reassignments=0",N/A,N/A,MEDIUM,N/A,N/A,N/A,"Strategy: REASSIGNMENT, aggression 0.50",N/A,N/A,N/A,N/A,N/A
2025-09-19 23:10:14,N/A,Niemcy,STRATEGIC_DECISION,OPERATIONS,MEDIUM,"state=REASSIGNMENT, groups=1, reassignments=0",N/A,N/A,MEDIUM,N/A,N/A,N/A,"Strategy: REASSIGNMENT, aggression 0.50",N/A,N/A,N/A,N/A,N/A
2025-09-19 23:10:14,1,Niemcy,TURN_START_VICTORY_AI,STRATEGIC_INITIALIZATION,CRITICAL,"nation=Niemcy, tokens=0, captured_kps=0",VICTORY_AI_ACTIVATION,N/A,HIGH,SINGLE_TURN,HIGH,N/A,Inicjalizacja Victory AI dla gracza 6 (Niemcy) w turze 1,N/A,N/A,CRITICAL,STRATEGIC_POSITIVE,N/A
2025-09-19 23:10:14,UNKNOWN,UNKNOWN,SCOUT_IDENTIFICATION,UNIT_ANALYSIS,MEDIUM,"total_units=0, scouts_found=0",EFFICIENT_RECONNAISSANCE,N/A,HIGH,IMMEDIATE,LOW,N/A,Identyfikacja 0 jednostek zwiadu z 0 dostępnych,N/A,N/A,N/A,INDIRECT_POSITIVE,N/A
2025-09-19 23:10:14,UNKNOWN,UNKNOWN,ENEMY_DETECTION,INTELLIGENCE_GATHERING,CRITICAL,"vision_positions=0, tokens_checked=40, enemies_detected=0",THREAT_IDENTIFICATION,N/A,HIGH,IMMEDIATE,LOW,N/A,Wykryto 0 wrogich jednostek z 0 pozycji obserwacji,N/A,N/A,HIGH,DIRECT_POSITIVE,N/A
2025-09-19 23:10:14,1,6,PHASE1_SUMMARY,STRATEGIC_PLANNING,CRITICAL,"units=0, scouts_id=0, scouts_deployed=0, enemies=0",INTELLIGENCE_GATHERED,0_OPPORTUNITIES_IDENTIFIED,HIGH,MULTI_TURN,MEDIUM,N/A,"Faza 1 zakończona: 0 scoutów, 0 wrogów, 0 okazji",N/A,N/A,HIGH,STRATEGIC_FOUNDATION,N/A
2025-09-19 23:10:14,UNKNOWN,UNKNOWN,SCOUT_IDENTIFICATION,UNIT_ANALYSIS,MEDIUM,"total_units=0, scouts_found=0",EFFICIENT_RECONNAISSANCE,N/A,HIGH,IMMEDIATE,LOW,N/A,Identyfikacja 0 jednostek zwiadu z 0 dostępnych,N/A,N/A,N/A,INDIRECT_POSITIVE,N/A
2025-09-19 23:10:14,UNKNOWN,UNKNOWN,ENEMY_DETECTION,INTELLIGENCE_GATHERING,CRITICAL,"vision_positions=0, tokens_checked=40, enemies_detected=0",THREAT_IDENTIFICATION,N/A,HIGH,IMMEDIATE,LOW,N/A,Wykryto 0 wrogich jednostek z 0 pozycji obserwacji,N/A,N/A,HIGH,DIRECT_POSITIVE,N/A
2025-09-19 23:10:14,1,6,PHASE1_SUMMARY,STRATEGIC_PLANNING,CRITICAL,"units=0, scouts_id=0, scouts_deployed=0, enemies=0",INTELLIGENCE_GATHERED,0_OPPORTUNITIES_IDENTIFIED,HIGH,MULTI_TURN,MEDIUM,N/A,"Faza 1 zakończona: 0 scoutów, 0 wrogów, 0 okazji",N/A,N/A,HIGH,STRATEGIC_FOUNDATION,N/A
2025-09-19 23:10:14,1,Niemcy,TURN_START,STRATEGIC_INITIALIZATION,CRITICAL,"nation=Niemcy, total_units=0, available_units=0",PHASE3_EXECUTION,N/A,HIGH,SINGLE_TURN,HIGH,N/A,Rozpoczęcie tury 1 dla Niemcy z 0 jednostkami,N/A,N/A,CRITICAL,STRATEGIC_POSITIONING,N/A
2025-09-19 23:10:14,UNKNOWN,UNKNOWN,SCOUT_IDENTIFICATION,UNIT_ANALYSIS,MEDIUM,"total_units=0, scouts_found=0",EFFICIENT_RECONNAISSANCE,N/A,HIGH,IMMEDIATE,LOW,N/A,Identyfikacja 0 jednostek zwiadu z 0 dostępnych,N/A,N/A,N/A,INDIRECT_POSITIVE,N/A
2025-09-19 23:10:14,UNKNOWN,UNKNOWN,ENEMY_DETECTION,INTELLIGENCE_GATHERING,CRITICAL,"vision_positions=0, tokens_checked=40, enemies_detected=0",THREAT_IDENTIFICATION,N/A,HIGH,IMMEDIATE,LOW,N/A,Wykryto 0 wrogich jednostek z 0 pozycji obserwacji,N/A,N/A,HIGH,DIRECT_POSITIVE,N/A
2025-09-19 23:10:14,1,6,PHASE1_SUMMARY,STRATEGIC_PLANNING,CRITICAL,"units=0, scouts_id=0, scouts_deployed=0, enemies=0",INTELLIGENCE_GATHERED,0_OPPORTUNITIES_IDENTIFIED,HIGH,MULTI_TURN,MEDIUM,N/A,"Faza 1 zakończona: 0 scoutów, 0 wrogów, 0 okazji",N/A,N/A,HIGH,STRATEGIC_FOUNDATION,N/A
2025-09-19 23:10:14,UNKNOWN,UNKNOWN,SCOUT_IDENTIFICATION,UNIT_ANALYSIS,MEDIUM,"total_units=0, scouts_found=0",EFFICIENT_RECONNAISSANCE,N/A,HIGH,IMMEDIATE,LOW,N/A,Identyfikacja 0 jednostek zwiadu z 0 dostępnych,N/A,N/A,N/A,INDIRECT_POSITIVE,N/A
2025-09-19 23:10:14,UNKNOWN,UNKNOWN,ENEMY_DETECTION,INTELLIGENCE_GATHERING,CRITICAL,"vision_positions=0, tokens_checked=40, enemies_detected=0",THREAT_IDENTIFICATION,N/A,HIGH,IMMEDIATE,LOW,N/A,Wykryto 0 wrogich jednostek z 0 pozycji obserwacji,N/A,N/A,HIGH,DIRECT_POSITIVE,N/A
2025-09-19 23:10:14,1,6,PHASE1_SUMMARY,STRATEGIC_PLANNING,CRITICAL,"units=0, scouts_id=0, scouts_deployed=0, enemies=0",INTELLIGENCE_GATHERED,0_OPPORTUNITIES_IDENTIFIED,HIGH,MULTI_TURN,MEDIUM,N/A,"Faza 1 zakończona: 0 scoutów, 0 wrogów, 0 okazji",N/A,N/A,HIGH,STRATEGIC_FOUNDATION,N/A
2025-09-19 23:10:14,1,Niemcy,TURN_START,STRATEGIC_INITIALIZATION,CRITICAL,"nation=Niemcy, total_units=0, available_units=0",PHASE3_EXECUTION,N/A,HIGH,SINGLE_TURN,HIGH,N/A,Rozpoczęcie tury 1 dla Niemcy z 0 jednostkami,N/A,N/A,CRITICAL,STRATEGIC_POSITIONING,N/A
2025-09-19 23:10:15,N/A,Niemcy,STRATEGIC_DECISION,OPERATIONS,MEDIUM,"state=REASSIGNMENT, groups=3, reassignments=0",N/A,N/A,MEDIUM,N/A,N/A,N/A,"Strategy: REASSIGNMENT, aggression 0.50",N/A,N/A,N/A,N/A,N/A
2025-09-19 23:10:15,N/A,Niemcy,STRATEGIC_DECISION,OPERATIONS,MEDIUM,"state=REASSIGNMENT, groups=3, reassignments=0",N/A,N/A,MEDIUM,N/A,N/A,N/A,"Strategy: REASSIGNMENT, aggression 0.50",N/A,N/A,N/A,N/A,N/A
2025-09-19 23:10:15,N/A,Niemcy,STRATEGIC_DECISION,OPERATIONS,MEDIUM,"state=REASSIGNMENT, groups=1, reassignments=0",N/A,N/A,MEDIUM,N/A,N/A,N/A,"Strategy: REASSIGNMENT, aggression 0.50",N/A,N/A,N/A,N/A,N/A
2025-09-19 23:10:15,N/A,Niemcy,STRATEGIC_DECISION,OPERATIONS,MEDIUM,"state=REASSIGNMENT, groups=1, reassignments=0",N/A,N/A,MEDIUM,N/A,N/A,N/A,"Strategy: REASSIGNMENT, aggression 0.50",N/A,N/A,N/A,N/A,N/A
2025-09-19 23:10:15,N/A,Niemcy,STRATEGIC_DECISION,OPERATIONS,MEDIUM,"state=REASSIGNMENT, groups=1, reassignments=0",N/A,N/A,MEDIUM,N/A,N/A,N/A,"Strategy: REASSIGNMENT, aggression 0.50",N/A,N/A,N/A,N/A,N/A
2025-09-19 23:10:28,1,Polska,TURN_START_VICTORY_AI,STRATEGIC_INITIALIZATION,CRITICAL,"nation=Polska, tokens=0, captured_kps=0",VICTORY_AI_ACTIVATION,N/A,HIGH,SINGLE_TURN,HIGH,N/A,Inicjalizacja Victory AI dla gracza 2 (Polska) w turze 1,N/A,N/A,CRITICAL,STRATEGIC_POSITIVE,N/A
2025-09-19 23:10:28,UNKNOWN,UNKNOWN,SCOUT_IDENTIFICATION,UNIT_ANALYSIS,MEDIUM,"total_units=0, scouts_found=0",EFFICIENT_RECONNAISSANCE,N/A,HIGH,IMMEDIATE,LOW,N/A,Identyfikacja 0 jednostek zwiadu z 0 dostępnych,N/A,N/A,N/A,INDIRECT_POSITIVE,N/A
2025-09-19 23:10:28,UNKNOWN,UNKNOWN,ENEMY_DETECTION,INTELLIGENCE_GATHERING,CRITICAL,"vision_positions=0, tokens_checked=40, enemies_detected=0",THREAT_IDENTIFICATION,N/A,HIGH,IMMEDIATE,LOW,N/A,Wykryto 0 wrogich jednostek z 0 pozycji obserwacji,N/A,N/A,HIGH,DIRECT_POSITIVE,N/A
2025-09-19 23:10:28,1,2,PHASE1_SUMMARY,STRATEGIC_PLANNING,CRITICAL,"units=0, scouts_id=0, scouts_deployed=0, enemies=0",INTELLIGENCE_GATHERED,0_OPPORTUNITIES_IDENTIFIED,HIGH,MULTI_TURN,MEDIUM,N/A,"Faza 1 zakończona: 0 scoutów, 0 wrogów, 0 okazji",N/A,N/A,HIGH,STRATEGIC_FOUNDATION,N/A
2025-09-19 23:10:28,UNKNOWN,UNKNOWN,SCOUT_IDENTIFICATION,UNIT_ANALYSIS,MEDIUM,"total_units=0, scouts_found=0",EFFICIENT_RECONNAISSANCE,N/A,HIGH,IMMEDIATE,LOW,N/A,Identyfikacja 0 jednostek zwiadu z 0 dostępnych,N/A,N/A,N/A,INDIRECT_POSITIVE,N/A
2025-09-19 23:10:28,UNKNOWN,UNKNOWN,ENEMY_DETECTION,INTELLIGENCE_GATHERING,CRITICAL,"vision_positions=0, tokens_checked=40, enemies_detected=0",THREAT_IDENTIFICATION,N/A,HIGH,IMMEDIATE,LOW,N/A,Wykryto 0 wrogich jednostek z 0 pozycji obserwacji,N/A,N/A,HIGH,DIRECT_POSITIVE,N/A
2025-09-19 23:10:28,1,2,PHASE1_SUMMARY,STRATEGIC_PLANNING,CRITICAL,"units=0, scouts_id=0, scouts_deployed=0, enemies=0",INTELLIGENCE_GATHERED,0_OPPORTUNITIES_IDENTIFIED,HIGH,MULTI_TURN,MEDIUM,N/A,"Faza 1 zakończona: 0 scoutów, 0 wrogów, 0 okazji",N/A,N/A,HIGH,STRATEGIC_FOUNDATION,N/A
2025-09-19 23:10:28,1,Polska,TURN_START,STRATEGIC_INITIALIZATION,CRITICAL,"nation=Polska, total_units=0, available_units=0",PHASE3_EXECUTION,N/A,HIGH,SINGLE_TURN,HIGH,N/A,Rozpoczęcie tury 1 dla Polska z 0 jednostkami,N/A,N/A,CRITICAL,STRATEGIC_POSITIONING,N/A
2025-09-19 23:10:28,UNKNOWN,UNKNOWN,SCOUT_IDENTIFICATION,UNIT_ANALYSIS,MEDIUM,"total_units=0, scouts_found=0",EFFICIENT_RECONNAISSANCE,N/A,HIGH,IMMEDIATE,LOW,N/A,Identyfikacja 0 jednostek zwiadu z 0 dostępnych,N/A,N/A,N/A,INDIRECT_POSITIVE,N/A
2025-09-19 23:10:28,UNKNOWN,UNKNOWN,ENEMY_DETECTION,INTELLIGENCE_GATHERING,CRITICAL,"vision_positions=0, tokens_checked=40, enemies_detected=0",THREAT_IDENTIFICATION,N/A,HIGH,IMMEDIATE,LOW,N/A,Wykryto 0 wrogich jednostek z 0 pozycji obserwacji,N/A,N/A,HIGH,DIRECT_POSITIVE,N/A
2025-09-19 23:10:28,1,2,PHASE1_SUMMARY,STRATEGIC_PLANNING,CRITICAL,"units=0, scouts_id=0, scouts_deployed=0, enemies=0",INTELLIGENCE_GATHERED,0_OPPORTUNITIES_IDENTIFIED,HIGH,MULTI_TURN,MEDIUM,N/A,"Faza 1 zakończona: 0 scoutów, 0 wrogów, 0 okazji",N/A,N/A,HIGH,STRATEGIC_FOUNDATION,N/A
2025-09-19 23:10:28,UNKNOWN,UNKNOWN,SCOUT_IDENTIFICATION,UNIT_ANALYSIS,MEDIUM,"total_units=0, scouts_found=0",EFFICIENT_RECONNAISSANCE,N/A,HIGH,IMMEDIATE,LOW,N/A,Identyfikacja 0 jednostek zwiadu z 0 dostępnych,N/A,N/A,N/A,INDIRECT_POSITIVE,N/A
2025-09-19 23:10:28,UNKNOWN,UNKNOWN,ENEMY_DETECTION,INTELLIGENCE_GATHERING,CRITICAL,"vision_positions=0, tokens_checked=40, enemies_detected=0",THREAT_IDENTIFICATION,N/A,HIGH,IMMEDIATE,LOW,N/A,Wykryto 0 wrogich jednostek z 0 pozycji obserwacji,N/A,N/A,HIGH,DIRECT_POSITIVE,N/A
2025-09-19 23:10:28,1,2,PHASE1_SUMMARY,STRATEGIC_PLANNING,CRITICAL,"units=0, scouts_id=0, scouts_deployed=0, enemies=0",INTELLIGENCE_GATHERED,0_OPPORTUNITIES_IDENTIFIED,HIGH,MULTI_TURN,MEDIUM,N/A,"Faza 1 zakończona: 0 scoutów, 0 wrogów, 0 okazji",N/A,N/A,HIGH,STRATEGIC_FOUNDATION,N/A
2025-09-19 23:10:28,1,Polska,TURN_START,STRATEGIC_INITIALIZATION,CRITICAL,"nation=Polska, total_units=0, available_units=0",PHASE3_EXECUTION,N/A,HIGH,SINGLE_TURN,HIGH,N/A,Rozpoczęcie tury 1 dla Polska z 0 jednostkami,N/A,N/A,CRITICAL,STRATEGIC_POSITIONING,N/A
2025-09-19 23:10:29,N/A,Polska,STRATEGIC_DECISION,OPERATIONS,MEDIUM,"state=REASSIGNMENT, groups=4, reassignments=0",N/A,N/A,MEDIUM,N/A,N/A,N/A,"Strategy: REASSIGNMENT, aggression 0.50",N/A,N/A,N/A,N/A,N/A
2025-09-19 23:10:29,N/A,Polska,STRATEGIC_DECISION,OPERATIONS,MEDIUM,"state=REASSIGNMENT, groups=4, reassignments=0",N/A,N/A,MEDIUM,N/A,N/A,N/A,"Strategy: REASSIGNMENT, aggression 0.50",N/A,N/A,N/A,N/A,N/A
2025-09-19 23:10:29,N/A,Polska,STRATEGIC_DECISION,OPERATIONS,MEDIUM,"state=REASSIGNMENT, groups=1, reassignments=0",N/A,N/A,MEDIUM,N/A,N/A,N/A,"Strategy: REASSIGNMENT, aggression 0.50",N/A,N/A,N/A,N/A,N/A
2025-09-19 23:10:29,N/A,Polska,STRATEGIC_DECISION,OPERATIONS,MEDIUM,"state=REASSIGNMENT, groups=1, reassignments=0",N/A,N/A,MEDIUM,N/A,N/A,N/A,"Strategy: REASSIGNMENT, aggression 0.50",N/A,N/A,N/A,N/A,N/A
2025-09-19 23:10:30,1,Polska,TURN_START_VICTORY_AI,STRATEGIC_INITIALIZATION,CRITICAL,"nation=Polska, tokens=0, captured_kps=0",VICTORY_AI_ACTIVATION,N/A,HIGH,SINGLE_TURN,HIGH,N/A,Inicjalizacja Victory AI dla gracza 3 (Polska) w turze 1,N/A,N/A,CRITICAL,STRATEGIC_POSITIVE,N/A
2025-09-19 23:10:30,UNKNOWN,UNKNOWN,SCOUT_IDENTIFICATION,UNIT_ANALYSIS,MEDIUM,"total_units=0, scouts_found=0",EFFICIENT_RECONNAISSANCE,N/A,HIGH,IMMEDIATE,LOW,N/A,Identyfikacja 0 jednostek zwiadu z 0 dostępnych,N/A,N/A,N/A,INDIRECT_POSITIVE,N/A
2025-09-19 23:10:30,UNKNOWN,UNKNOWN,ENEMY_DETECTION,INTELLIGENCE_GATHERING,CRITICAL,"vision_positions=0, tokens_checked=40, enemies_detected=0",THREAT_IDENTIFICATION,N/A,HIGH,IMMEDIATE,LOW,N/A,Wykryto 0 wrogich jednostek z 0 pozycji obserwacji,N/A,N/A,HIGH,DIRECT_POSITIVE,N/A
2025-09-19 23:10:30,1,3,PHASE1_SUMMARY,STRATEGIC_PLANNING,CRITICAL,"units=0, scouts_id=0, scouts_deployed=0, enemies=0",INTELLIGENCE_GATHERED,0_OPPORTUNITIES_IDENTIFIED,HIGH,MULTI_TURN,MEDIUM,N/A,"Faza 1 zakończona: 0 scoutów, 0 wrogów, 0 okazji",N/A,N/A,HIGH,STRATEGIC_FOUNDATION,N/A
2025-09-19 23:10:30,UNKNOWN,UNKNOWN,SCOUT_IDENTIFICATION,UNIT_ANALYSIS,MEDIUM,"total_units=0, scouts_found=0",EFFICIENT_RECONNAISSANCE,N/A,HIGH,IMMEDIATE,LOW,N/A,Identyfikacja 0 jednostek zwiadu z 0 dostępnych,N/A,N/A,N/A,INDIRECT_POSITIVE,N/A
2025-09-19 23:10:30,UNKNOWN,UNKNOWN,ENEMY_DETECTION,INTELLIGENCE_GATHERING,CRITICAL,"vision_positions=0, tokens_checked=40, enemies_detected=0",THREAT_IDENTIFICATION,N/A,HIGH,IMMEDIATE,LOW,N/A,Wykryto 0 wrogich jednostek z 0 pozycji obserwacji,N/A,N/A,HIGH,DIRECT_POSITIVE,N/A
2025-09-19 23:10:30,1,3,PHASE1_SUMMARY,STRATEGIC_PLANNING,CRITICAL,"units=0, scouts_id=0, scouts_deployed=0, enemies=0",INTELLIGENCE_GATHERED,0_OPPORTUNITIES_IDENTIFIED,HIGH,MULTI_TURN,MEDIUM,N/A,"Faza 1 zakończona: 0 scoutów, 0 wrogów, 0 okazji",N/A,N/A,HIGH,STRATEGIC_FOUNDATION,N/A
2025-09-19 23:10:30,1,Polska,TURN_START,STRATEGIC_INITIALIZATION,CRITICAL,"nation=Polska, total_units=0, available_units=0",PHASE3_EXECUTION,N/A,HIGH,SINGLE_TURN,HIGH,N/A,Rozpoczęcie tury 1 dla Polska z 0 jednostkami,N/A,N/A,CRITICAL,STRATEGIC_POSITIONING,N/A
2025-09-19 23:10:30,UNKNOWN,UNKNOWN,SCOUT_IDENTIFICATION,UNIT_ANALYSIS,MEDIUM,"total_units=0, scouts_found=0",EFFICIENT_RECONNAISSANCE,N/A,HIGH,IMMEDIATE,LOW,N/A,Identyfikacja 0 jednostek zwiadu z 0 dostępnych,N/A,N/A,N/A,INDIRECT_POSITIVE,N/A
2025-09-19 23:10:30,UNKNOWN,UNKNOWN,ENEMY_DETECTION,INTELLIGENCE_GATHERING,CRITICAL,"vision_positions=0, tokens_checked=40, enemies_detected=0",THREAT_IDENTIFICATION,N/A,HIGH,IMMEDIATE,LOW,N/A,Wykryto 0 wrogich jednostek z 0 pozycji obserwacji,N/A,N/A,HIGH,DIRECT_POSITIVE,N/A
2025-09-19 23:10:30,1,3,PHASE1_SUMMARY,STRATEGIC_PLANNING,CRITICAL,"units=0, scouts_id=0, scouts_deployed=0, enemies=0",INTELLIGENCE_GATHERED,0_OPPORTUNITIES_IDENTIFIED,HIGH,MULTI_TURN,MEDIUM,N/A,"Faza 1 zakończona: 0 scoutów, 0 wrogów, 0 okazji",N/A,N/A,HIGH,STRATEGIC_FOUNDATION,N/A
2025-09-19 23:10:30,UNKNOWN,UNKNOWN,SCOUT_IDENTIFICATION,UNIT_ANALYSIS,MEDIUM,"total_units=0, scouts_found=0",EFFICIENT_RECONNAISSANCE,N/A,HIGH,IMMEDIATE,LOW,N/A,Identyfikacja 0 jednostek zwiadu z 0 dostępnych,N/A,N/A,N/A,INDIRECT_POSITIVE,N/A
2025-09-19 23:10:30,UNKNOWN,UNKNOWN,ENEMY_DETECTION,INTELLIGENCE_GATHERING,CRITICAL,"vision_positions=0, tokens_checked=40, enemies_detected=0",THREAT_IDENTIFICATION,N/A,HIGH,IMMEDIATE,LOW,N/A,Wykryto 0 wrogich jednostek z 0 pozycji obserwacji,N/A,N/A,HIGH,DIRECT_POSITIVE,N/A
2025-09-19 23:10:30,1,3,PHASE1_SUMMARY,STRATEGIC_PLANNING,CRITICAL,"units=0, scouts_id=0, scouts_deployed=0, enemies=0",INTELLIGENCE_GATHERED,0_OPPORTUNITIES_IDENTIFIED,HIGH,MULTI_TURN,MEDIUM,N/A,"Faza 1 zakończona: 0 scoutów, 0 wrogów, 0 okazji",N/A,N/A,HIGH,STRATEGIC_FOUNDATION,N/A
2025-09-19 23:10:30,1,Polska,TURN_START,STRATEGIC_INITIALIZATION,CRITICAL,"nation=Polska, total_units=0, available_units=0",PHASE3_EXECUTION,N/A,HIGH,SINGLE_TURN,HIGH,N/A,Rozpoczęcie tury 1 dla Polska z 0 jednostkami,N/A,N/A,CRITICAL,STRATEGIC_POSITIONING,N/A
2025-09-19 23:10:32,N/A,Polska,STRATEGIC_DECISION,OPERATIONS,MEDIUM,"state=REASSIGNMENT, groups=4, reassignments=0",N/A,N/A,MEDIUM,N/A,N/A,N/A,"Strategy: REASSIGNMENT, aggression 0.50",N/A,N/A,N/A,N/A,N/A
2025-09-19 23:10:32,N/A,Polska,STRATEGIC_DECISION,OPERATIONS,MEDIUM,"state=REASSIGNMENT, groups=4, reassignments=0",N/A,N/A,MEDIUM,N/A,N/A,N/A,"Strategy: REASSIGNMENT, aggression 0.50",N/A,N/A,N/A,N/A,N/A
2025-09-19 23:10:32,N/A,Polska,STRATEGIC_DECISION,OPERATIONS,MEDIUM,"state=REASSIGNMENT, groups=1, reassignments=0",N/A,N/A,MEDIUM,N/A,N/A,N/A,"Strategy: REASSIGNMENT, aggression 0.50",N/A,N/A,N/A,N/A,N/A
2025-09-19 23:10:32,N/A,Polska,STRATEGIC_DECISION,OPERATIONS,MEDIUM,"state=REASSIGNMENT, groups=1, reassignments=0",N/A,N/A,MEDIUM,N/A,N/A,N/A,"Strategy: REASSIGNMENT, aggression 0.50",N/A,N/A,N/A,N/A,N/A
2025-09-19 23:10:32,N/A,Polska,STRATEGIC_DECISION,OPERATIONS,MEDIUM,"state=REASSIGNMENT, groups=1, reassignments=0",N/A,N/A,MEDIUM,N/A,N/A,N/A,"Strategy: REASSIGNMENT, aggression 0.50",N/A,N/A,N/A,N/A,N/A
2025-09-19 23:10:32,N/A,Polska,STRATEGIC_DECISION,OPERATIONS,MEDIUM,"state=REASSIGNMENT, groups=1, reassignments=0",N/A,N/A,MEDIUM,N/A,N/A,N/A,"Strategy: REASSIGNMENT, aggression 0.50",N/A,N/A,N/A,N/A,N/A
2025-09-19 23:10:32,1,Niemcy,TURN_START_VICTORY_AI,STRATEGIC_INITIALIZATION,CRITICAL,"nation=Niemcy, tokens=0, captured_kps=0",VICTORY_AI_ACTIVATION,N/A,HIGH,SINGLE_TURN,HIGH,N/A,Inicjalizacja Victory AI dla gracza 5 (Niemcy) w turze 1,N/A,N/A,CRITICAL,STRATEGIC_POSITIVE,N/A
2025-09-19 23:10:32,UNKNOWN,UNKNOWN,SCOUT_IDENTIFICATION,UNIT_ANALYSIS,MEDIUM,"total_units=0, scouts_found=0",EFFICIENT_RECONNAISSANCE,N/A,HIGH,IMMEDIATE,LOW,N/A,Identyfikacja 0 jednostek zwiadu z 0 dostępnych,N/A,N/A,N/A,INDIRECT_POSITIVE,N/A
2025-09-19 23:10:32,UNKNOWN,UNKNOWN,ENEMY_DETECTION,INTELLIGENCE_GATHERING,CRITICAL,"vision_positions=0, tokens_checked=40, enemies_detected=0",THREAT_IDENTIFICATION,N/A,HIGH,IMMEDIATE,LOW,N/A,Wykryto 0 wrogich jednostek z 0 pozycji obserwacji,N/A,N/A,HIGH,DIRECT_POSITIVE,N/A
2025-09-19 23:10:32,1,5,PHASE1_SUMMARY,STRATEGIC_PLANNING,CRITICAL,"units=0, scouts_id=0, scouts_deployed=0, enemies=0",INTELLIGENCE_GATHERED,0_OPPORTUNITIES_IDENTIFIED,HIGH,MULTI_TURN,MEDIUM,N/A,"Faza 1 zakończona: 0 scoutów, 0 wrogów, 0 okazji",N/A,N/A,HIGH,STRATEGIC_FOUNDATION,N/A
2025-09-19 23:10:32,UNKNOWN,UNKNOWN,SCOUT_IDENTIFICATION,UNIT_ANALYSIS,MEDIUM,"total_units=0, scouts_found=0",EFFICIENT_RECONNAISSANCE,N/A,HIGH,IMMEDIATE,LOW,N/A,Identyfikacja 0 jednostek zwiadu z 0 dostępnych,N/A,N/A,N/A,INDIRECT_POSITIVE,N/A
2025-09-19 23:10:32,UNKNOWN,UNKNOWN,ENEMY_DETECTION,INTELLIGENCE_GATHERING,CRITICAL,"vision_positions=0, tokens_checked=40, enemies_detected=0",THREAT_IDENTIFICATION,N/A,HIGH,IMMEDIATE,LOW,N/A,Wykryto 0 wrogich jednostek z 0 pozycji obserwacji,N/A,N/A,HIGH,DIRECT_POSITIVE,N/A
2025-09-19 23:10:32,1,5,PHASE1_SUMMARY,STRATEGIC_PLANNING,CRITICAL,"units=0, scouts_id=0, scouts_deployed=0, enemies=0",INTELLIGENCE_GATHERED,0_OPPORTUNITIES_IDENTIFIED,HIGH,MULTI_TURN,MEDIUM,N/A,"Faza 1 zakończona: 0 scoutów, 0 wrogów, 0 okazji",N/A,N/A,HIGH,STRATEGIC_FOUNDATION,N/A
2025-09-19 23:10:32,1,Niemcy,TURN_START,STRATEGIC_INITIALIZATION,CRITICAL,"nation=Niemcy, total_units=0, available_units=0",PHASE3_EXECUTION,N/A,HIGH,SINGLE_TURN,HIGH,N/A,Rozpoczęcie tury 1 dla Niemcy z 0 jednostkami,N/A,N/A,CRITICAL,STRATEGIC_POSITIONING,N/A
2025-09-19 23:10:32,UNKNOWN,UNKNOWN,SCOUT_IDENTIFICATION,UNIT_ANALYSIS,MEDIUM,"total_units=0, scouts_found=0",EFFICIENT_RECONNAISSANCE,N/A,HIGH,IMMEDIATE,LOW,N/A,Identyfikacja 0 jednostek zwiadu z 0 dostępnych,N/A,N/A,N/A,INDIRECT_POSITIVE,N/A
2025-09-19 23:10:32,UNKNOWN,UNKNOWN,ENEMY_DETECTION,INTELLIGENCE_GATHERING,CRITICAL,"vision_positions=0, tokens_checked=40, enemies_detected=0",THREAT_IDENTIFICATION,N/A,HIGH,IMMEDIATE,LOW,N/A,Wykryto 0 wrogich jednostek z 0 pozycji obserwacji,N/A,N/A,HIGH,DIRECT_POSITIVE,N/A
2025-09-19 23:10:32,1,5,PHASE1_SUMMARY,STRATEGIC_PLANNING,CRITICAL,"units=0, scouts_id=0, scouts_deployed=0, enemies=0",INTELLIGENCE_GATHERED,0_OPPORTUNITIES_IDENTIFIED,HIGH,MULTI_TURN,MEDIUM,N/A,"Faza 1 zakończona: 0 scoutów, 0 wrogów, 0 okazji",N/A,N/A,HIGH,STRATEGIC_FOUNDATION,N/A
2025-09-19 23:10:32,UNKNOWN,UNKNOWN,SCOUT_IDENTIFICATION,UNIT_ANALYSIS,MEDIUM,"total_units=0, scouts_found=0",EFFICIENT_RECONNAISSANCE,N/A,HIGH,IMMEDIATE,LOW,N/A,Identyfikacja 0 jednostek zwiadu z 0 dostępnych,N/A,N/A,N/A,INDIRECT_POSITIVE,N/A
2025-09-19 23:10:32,UNKNOWN,UNKNOWN,ENEMY_DETECTION,INTELLIGENCE_GATHERING,CRITICAL,"vision_positions=0, tokens_checked=40, enemies_detected=0",THREAT_IDENTIFICATION,N/A,HIGH,IMMEDIATE,LOW,N/A,Wykryto 0 wrogich jednostek z 0 pozycji obserwacji,N/A,N/A,HIGH,DIRECT_POSITIVE,N/A
2025-09-19 23:10:32,1,5,PHASE1_SUMMARY,STRATEGIC_PLANNING,CRITICAL,"units=0, scouts_id=0, scouts_deployed=0, enemies=0",INTELLIGENCE_GATHERED,0_OPPORTUNITIES_IDENTIFIED,HIGH,MULTI_TURN,MEDIUM,N/A,"Faza 1 zakończona: 0 scoutów, 0 wrogów, 0 okazji",N/A,N/A,HIGH,STRATEGIC_FOUNDATION,N/A
2025-09-19 23:10:32,1,Niemcy,TURN_START,STRATEGIC_INITIALIZATION,CRITICAL,"nation=Niemcy, total_units=0, available_units=0",PHASE3_EXECUTION,N/A,HIGH,SINGLE_TURN,HIGH,N/A,Rozpoczęcie tury 1 dla Niemcy z 0 jednostkami,N/A,N/A,CRITICAL,STRATEGIC_POSITIONING,N/A
2025-09-19 23:10:33,N/A,Niemcy,STRATEGIC_DECISION,OPERATIONS,MEDIUM,"state=REASSIGNMENT, groups=2, reassignments=0",N/A,N/A,MEDIUM,N/A,N/A,N/A,"Strategy: REASSIGNMENT, aggression 0.50",N/A,N/A,N/A,N/A,N/A
2025-09-19 23:10:33,N/A,Niemcy,STRATEGIC_DECISION,OPERATIONS,MEDIUM,"state=REASSIGNMENT, groups=2, reassignments=0",N/A,N/A,MEDIUM,N/A,N/A,N/A,"Strategy: REASSIGNMENT, aggression 0.50",N/A,N/A,N/A,N/A,N/A
2025-09-19 23:10:33,N/A,Niemcy,STRATEGIC_DECISION,OPERATIONS,MEDIUM,"state=REASSIGNMENT, groups=1, reassignments=0",N/A,N/A,MEDIUM,N/A,N/A,N/A,"Strategy: REASSIGNMENT, aggression 0.50",N/A,N/A,N/A,N/A,N/A
2025-09-19 23:10:33,1,Niemcy,TURN_START_VICTORY_AI,STRATEGIC_INITIALIZATION,CRITICAL,"nation=Niemcy, tokens=0, captured_kps=0",VICTORY_AI_ACTIVATION,N/A,HIGH,SINGLE_TURN,HIGH,N/A,Inicjalizacja Victory AI dla gracza 6 (Niemcy) w turze 1,N/A,N/A,CRITICAL,STRATEGIC_POSITIVE,N/A
2025-09-19 23:10:33,UNKNOWN,UNKNOWN,SCOUT_IDENTIFICATION,UNIT_ANALYSIS,MEDIUM,"total_units=0, scouts_found=0",EFFICIENT_RECONNAISSANCE,N/A,HIGH,IMMEDIATE,LOW,N/A,Identyfikacja 0 jednostek zwiadu z 0 dostępnych,N/A,N/A,N/A,INDIRECT_POSITIVE,N/A
2025-09-19 23:10:33,UNKNOWN,UNKNOWN,ENEMY_DETECTION,INTELLIGENCE_GATHERING,CRITICAL,"vision_positions=0, tokens_checked=40, enemies_detected=0",THREAT_IDENTIFICATION,N/A,HIGH,IMMEDIATE,LOW,N/A,Wykryto 0 wrogich jednostek z 0 pozycji obserwacji,N/A,N/A,HIGH,DIRECT_POSITIVE,N/A
2025-09-19 23:10:33,1,6,PHASE1_SUMMARY,STRATEGIC_PLANNING,CRITICAL,"units=0, scouts_id=0, scouts_deployed=0, enemies=0",INTELLIGENCE_GATHERED,0_OPPORTUNITIES_IDENTIFIED,HIGH,MULTI_TURN,MEDIUM,N/A,"Faza 1 zakończona: 0 scoutów, 0 wrogów, 0 okazji",N/A,N/A,HIGH,STRATEGIC_FOUNDATION,N/A
2025-09-19 23:10:33,UNKNOWN,UNKNOWN,SCOUT_IDENTIFICATION,UNIT_ANALYSIS,MEDIUM,"total_units=0, scouts_found=0",EFFICIENT_RECONNAISSANCE,N/A,HIGH,IMMEDIATE,LOW,N/A,Identyfikacja 0 jednostek zwiadu z 0 dostępnych,N/A,N/A,N/A,INDIRECT_POSITIVE,N/A
2025-09-19 23:10:33,UNKNOWN,UNKNOWN,ENEMY_DETECTION,INTELLIGENCE_GATHERING,CRITICAL,"vision_positions=0, tokens_checked=40, enemies_detected=0",THREAT_IDENTIFICATION,N/A,HIGH,IMMEDIATE,LOW,N/A,Wykryto 0 wrogich jednostek z 0 pozycji obserwacji,N/A,N/A,HIGH,DIRECT_POSITIVE,N/A
2025-09-19 23:10:33,1,6,PHASE1_SUMMARY,STRATEGIC_PLANNING,CRITICAL,"units=0, scouts_id=0, scouts_deployed=0, enemies=0",INTELLIGENCE_GATHERED,0_OPPORTUNITIES_IDENTIFIED,HIGH,MULTI_TURN,MEDIUM,N/A,"Faza 1 zakończona: 0 scoutów, 0 wrogów, 0 okazji",N/A,N/A,HIGH,STRATEGIC_FOUNDATION,N/A
2025-09-19 23:10:33,1,Niemcy,TURN_START,STRATEGIC_INITIALIZATION,CRITICAL,"nation=Niemcy, total_units=0, available_units=0",PHASE3_EXECUTION,N/A,HIGH,SINGLE_TURN,HIGH,N/A,Rozpoczęcie tury 1 dla Niemcy z 0 jednostkami,N/A,N/A,CRITICAL,STRATEGIC_POSITIONING,N/A
2025-09-19 23:10:33,UNKNOWN,UNKNOWN,SCOUT_IDENTIFICATION,UNIT_ANALYSIS,MEDIUM,"total_units=0, scouts_found=0",EFFICIENT_RECONNAISSANCE,N/A,HIGH,IMMEDIATE,LOW,N/A,Identyfikacja 0 jednostek zwiadu z 0 dostępnych,N/A,N/A,N/A,INDIRECT_POSITIVE,N/A
2025-09-19 23:10:33,UNKNOWN,UNKNOWN,ENEMY_DETECTION,INTELLIGENCE_GATHERING,CRITICAL,"vision_positions=0, tokens_checked=40, enemies_detected=0",THREAT_IDENTIFICATION,N/A,HIGH,IMMEDIATE,LOW,N/A,Wykryto 0 wrogich jednostek z 0 pozycji obserwacji,N/A,N/A,HIGH,DIRECT_POSITIVE,N/A
2025-09-19 23:10:33,1,6,PHASE1_SUMMARY,STRATEGIC_PLANNING,CRITICAL,"units=0, scouts_id=0, scouts_deployed=0, enemies=0",INTELLIGENCE_GATHERED,0_OPPORTUNITIES_IDENTIFIED,HIGH,MULTI_TURN,MEDIUM,N/A,"Faza 1 zakończona: 0 scoutów, 0 wrogów, 0 okazji",N/A,N/A,HIGH,STRATEGIC_FOUNDATION,N/A
2025-09-19 23:10:33,UNKNOWN,UNKNOWN,SCOUT_IDENTIFICATION,UNIT_ANALYSIS,MEDIUM,"total_units=0, scouts_found=0",EFFICIENT_RECONNAISSANCE,N/A,HIGH,IMMEDIATE,LOW,N/A,Identyfikacja 0 jednostek zwiadu z 0 dostępnych,N/A,N/A,N/A,INDIRECT_POSITIVE,N/A
2025-09-19 23:10:33,UNKNOWN,UNKNOWN,ENEMY_DETECTION,INTELLIGENCE_GATHERING,CRITICAL,"vision_positions=0, tokens_checked=40, enemies_detected=0",THREAT_IDENTIFICATION,N/A,HIGH,IMMEDIATE,LOW,N/A,Wykryto 0 wrogich jednostek z 0 pozycji obserwacji,N/A,N/A,HIGH,DIRECT_POSITIVE,N/A
2025-09-19 23:10:33,1,6,PHASE1_SUMMARY,STRATEGIC_PLANNING,CRITICAL,"units=0, scouts_id=0, scouts_deployed=0, enemies=0",INTELLIGENCE_GATHERED,0_OPPORTUNITIES_IDENTIFIED,HIGH,MULTI_TURN,MEDIUM,N/A,"Faza 1 zakończona: 0 scoutów, 0 wrogów, 0 okazji",N/A,N/A,HIGH,STRATEGIC_FOUNDATION,N/A
2025-09-19 23:10:33,1,Niemcy,TURN_START,STRATEGIC_INITIALIZATION,CRITICAL,"nation=Niemcy, total_units=0, available_units=0",PHASE3_EXECUTION,N/A,HIGH,SINGLE_TURN,HIGH,N/A,Rozpoczęcie tury 1 dla Niemcy z 0 jednostkami,N/A,N/A,CRITICAL,STRATEGIC_POSITIONING,N/A
2025-09-19 23:10:34,N/A,Niemcy,STRATEGIC_DECISION,OPERATIONS,MEDIUM,"state=REASSIGNMENT, groups=3, reassignments=0",N/A,N/A,MEDIUM,N/A,N/A,N/A,"Strategy: REASSIGNMENT, aggression 0.50",N/A,N/A,N/A,N/A,N/A
2025-09-19 23:10:34,N/A,Niemcy,STRATEGIC_DECISION,OPERATIONS,MEDIUM,"state=REASSIGNMENT, groups=3, reassignments=0",N/A,N/A,MEDIUM,N/A,N/A,N/A,"Strategy: REASSIGNMENT, aggression 0.50",N/A,N/A,N/A,N/A,N/A
2025-09-19 23:10:34,N/A,Niemcy,STRATEGIC_DECISION,OPERATIONS,MEDIUM,"state=REASSIGNMENT, groups=1, reassignments=0",N/A,N/A,MEDIUM,N/A,N/A,N/A,"Strategy: REASSIGNMENT, aggression 0.50",N/A,N/A,N/A,N/A,N/A
2025-09-19 23:10:34,N/A,Niemcy,STRATEGIC_DECISION,OPERATIONS,MEDIUM,"state=REASSIGNMENT, groups=1, reassignments=0",N/A,N/A,MEDIUM,N/A,N/A,N/A,"Strategy: REASSIGNMENT, aggression 0.50",N/A,N/A,N/A,N/A,N/A
2025-09-19 23:10:34,N/A,Niemcy,STRATEGIC_DECISION,OPERATIONS,MEDIUM,"state=REASSIGNMENT, groups=1, reassignments=0",N/A,N/A,MEDIUM,N/A,N/A,N/A,"Strategy: REASSIGNMENT, aggression 0.50",N/A,N/A,N/A,N/A,N/A
2025-09-19 23:10:44,1,Polska,TURN_START_VICTORY_AI,STRATEGIC_INITIALIZATION,CRITICAL,"nation=Polska, tokens=0, captured_kps=0",VICTORY_AI_ACTIVATION,N/A,HIGH,SINGLE_TURN,HIGH,N/A,Inicjalizacja Victory AI dla gracza 2 (Polska) w turze 1,N/A,N/A,CRITICAL,STRATEGIC_POSITIVE,N/A
2025-09-19 23:10:44,UNKNOWN,UNKNOWN,SCOUT_IDENTIFICATION,UNIT_ANALYSIS,MEDIUM,"total_units=0, scouts_found=0",EFFICIENT_RECONNAISSANCE,N/A,HIGH,IMMEDIATE,LOW,N/A,Identyfikacja 0 jednostek zwiadu z 0 dostępnych,N/A,N/A,N/A,INDIRECT_POSITIVE,N/A
2025-09-19 23:10:44,UNKNOWN,UNKNOWN,ENEMY_DETECTION,INTELLIGENCE_GATHERING,CRITICAL,"vision_positions=0, tokens_checked=40, enemies_detected=0",THREAT_IDENTIFICATION,N/A,HIGH,IMMEDIATE,LOW,N/A,Wykryto 0 wrogich jednostek z 0 pozycji obserwacji,N/A,N/A,HIGH,DIRECT_POSITIVE,N/A
2025-09-19 23:10:44,1,2,PHASE1_SUMMARY,STRATEGIC_PLANNING,CRITICAL,"units=0, scouts_id=0, scouts_deployed=0, enemies=0",INTELLIGENCE_GATHERED,0_OPPORTUNITIES_IDENTIFIED,HIGH,MULTI_TURN,MEDIUM,N/A,"Faza 1 zakończona: 0 scoutów, 0 wrogów, 0 okazji",N/A,N/A,HIGH,STRATEGIC_FOUNDATION,N/A
2025-09-19 23:10:44,UNKNOWN,UNKNOWN,SCOUT_IDENTIFICATION,UNIT_ANALYSIS,MEDIUM,"total_units=0, scouts_found=0",EFFICIENT_RECONNAISSANCE,N/A,HIGH,IMMEDIATE,LOW,N/A,Identyfikacja 0 jednostek zwiadu z 0 dostępnych,N/A,N/A,N/A,INDIRECT_POSITIVE,N/A
2025-09-19 23:10:44,UNKNOWN,UNKNOWN,ENEMY_DETECTION,INTELLIGENCE_GATHERING,CRITICAL,"vision_positions=0, tokens_checked=40, enemies_detected=0",THREAT_IDENTIFICATION,N/A,HIGH,IMMEDIATE,LOW,N/A,Wykryto 0 wrogich jednostek z 0 pozycji obserwacji,N/A,N/A,HIGH,DIRECT_POSITIVE,N/A
2025-09-19 23:10:44,1,2,PHASE1_SUMMARY,STRATEGIC_PLANNING,CRITICAL,"units=0, scouts_id=0, scouts_deployed=0, enemies=0",INTELLIGENCE_GATHERED,0_OPPORTUNITIES_IDENTIFIED,HIGH,MULTI_TURN,MEDIUM,N/A,"Faza 1 zakończona: 0 scoutów, 0 wrogów, 0 okazji",N/A,N/A,HIGH,STRATEGIC_FOUNDATION,N/A
2025-09-19 23:10:44,1,Polska,TURN_START,STRATEGIC_INITIALIZATION,CRITICAL,"nation=Polska, total_units=0, available_units=0",PHASE3_EXECUTION,N/A,HIGH,SINGLE_TURN,HIGH,N/A,Rozpoczęcie tury 1 dla Polska z 0 jednostkami,N/A,N/A,CRITICAL,STRATEGIC_POSITIONING,N/A
2025-09-19 23:10:45,UNKNOWN,UNKNOWN,SCOUT_IDENTIFICATION,UNIT_ANALYSIS,MEDIUM,"total_units=0, scouts_found=0",EFFICIENT_RECONNAISSANCE,N/A,HIGH,IMMEDIATE,LOW,N/A,Identyfikacja 0 jednostek zwiadu z 0 dostępnych,N/A,N/A,N/A,INDIRECT_POSITIVE,N/A
2025-09-19 23:10:45,UNKNOWN,UNKNOWN,ENEMY_DETECTION,INTELLIGENCE_GATHERING,CRITICAL,"vision_positions=0, tokens_checked=40, enemies_detected=0",THREAT_IDENTIFICATION,N/A,HIGH,IMMEDIATE,LOW,N/A,Wykryto 0 wrogich jednostek z 0 pozycji obserwacji,N/A,N/A,HIGH,DIRECT_POSITIVE,N/A
2025-09-19 23:10:45,1,2,PHASE1_SUMMARY,STRATEGIC_PLANNING,CRITICAL,"units=0, scouts_id=0, scouts_deployed=0, enemies=0",INTELLIGENCE_GATHERED,0_OPPORTUNITIES_IDENTIFIED,HIGH,MULTI_TURN,MEDIUM,N/A,"Faza 1 zakończona: 0 scoutów, 0 wrogów, 0 okazji",N/A,N/A,HIGH,STRATEGIC_FOUNDATION,N/A
2025-09-19 23:10:45,UNKNOWN,UNKNOWN,SCOUT_IDENTIFICATION,UNIT_ANALYSIS,MEDIUM,"total_units=0, scouts_found=0",EFFICIENT_RECONNAISSANCE,N/A,HIGH,IMMEDIATE,LOW,N/A,Identyfikacja 0 jednostek zwiadu z 0 dostępnych,N/A,N/A,N/A,INDIRECT_POSITIVE,N/A
2025-09-19 23:10:45,UNKNOWN,UNKNOWN,ENEMY_DETECTION,INTELLIGENCE_GATHERING,CRITICAL,"vision_positions=0, tokens_checked=40, enemies_detected=0",THREAT_IDENTIFICATION,N/A,HIGH,IMMEDIATE,LOW,N/A,Wykryto 0 wrogich jednostek z 0 pozycji obserwacji,N/A,N/A,HIGH,DIRECT_POSITIVE,N/A
2025-09-19 23:10:45,1,2,PHASE1_SUMMARY,STRATEGIC_PLANNING,CRITICAL,"units=0, scouts_id=0, scouts_deployed=0, enemies=0",INTELLIGENCE_GATHERED,0_OPPORTUNITIES_IDENTIFIED,HIGH,MULTI_TURN,MEDIUM,N/A,"Faza 1 zakończona: 0 scoutów, 0 wrogów, 0 okazji",N/A,N/A,HIGH,STRATEGIC_FOUNDATION,N/A
2025-09-19 23:10:45,1,Polska,TURN_START,STRATEGIC_INITIALIZATION,CRITICAL,"nation=Polska, total_units=0, available_units=0",PHASE3_EXECUTION,N/A,HIGH,SINGLE_TURN,HIGH,N/A,Rozpoczęcie tury 1 dla Polska z 0 jednostkami,N/A,N/A,CRITICAL,STRATEGIC_POSITIONING,N/A
2025-09-19 23:10:46,N/A,Polska,STRATEGIC_DECISION,OPERATIONS,MEDIUM,"state=REASSIGNMENT, groups=4, reassignments=0",N/A,N/A,MEDIUM,N/A,N/A,N/A,"Strategy: REASSIGNMENT, aggression 0.50",N/A,N/A,N/A,N/A,N/A
2025-09-19 23:10:46,N/A,Polska,STRATEGIC_DECISION,OPERATIONS,MEDIUM,"state=REASSIGNMENT, groups=4, reassignments=0",N/A,N/A,MEDIUM,N/A,N/A,N/A,"Strategy: REASSIGNMENT, aggression 0.50",N/A,N/A,N/A,N/A,N/A
2025-09-19 23:10:46,N/A,Polska,STRATEGIC_DECISION,OPERATIONS,MEDIUM,"state=REASSIGNMENT, groups=1, reassignments=0",N/A,N/A,MEDIUM,N/A,N/A,N/A,"Strategy: REASSIGNMENT, aggression 0.50",N/A,N/A,N/A,N/A,N/A
2025-09-19 23:10:46,1,Polska,TURN_START_VICTORY_AI,STRATEGIC_INITIALIZATION,CRITICAL,"nation=Polska, tokens=0, captured_kps=0",VICTORY_AI_ACTIVATION,N/A,HIGH,SINGLE_TURN,HIGH,N/A,Inicjalizacja Victory AI dla gracza 3 (Polska) w turze 1,N/A,N/A,CRITICAL,STRATEGIC_POSITIVE,N/A
2025-09-19 23:10:46,UNKNOWN,UNKNOWN,SCOUT_IDENTIFICATION,UNIT_ANALYSIS,MEDIUM,"total_units=0, scouts_found=0",EFFICIENT_RECONNAISSANCE,N/A,HIGH,IMMEDIATE,LOW,N/A,Identyfikacja 0 jednostek zwiadu z 0 dostępnych,N/A,N/A,N/A,INDIRECT_POSITIVE,N/A
2025-09-19 23:10:46,UNKNOWN,UNKNOWN,ENEMY_DETECTION,INTELLIGENCE_GATHERING,CRITICAL,"vision_positions=0, tokens_checked=40, enemies_detected=0",THREAT_IDENTIFICATION,N/A,HIGH,IMMEDIATE,LOW,N/A,Wykryto 0 wrogich jednostek z 0 pozycji obserwacji,N/A,N/A,HIGH,DIRECT_POSITIVE,N/A
2025-09-19 23:10:46,1,3,PHASE1_SUMMARY,STRATEGIC_PLANNING,CRITICAL,"units=0, scouts_id=0, scouts_deployed=0, enemies=0",INTELLIGENCE_GATHERED,0_OPPORTUNITIES_IDENTIFIED,HIGH,MULTI_TURN,MEDIUM,N/A,"Faza 1 zakończona: 0 scoutów, 0 wrogów, 0 okazji",N/A,N/A,HIGH,STRATEGIC_FOUNDATION,N/A
2025-09-19 23:10:46,UNKNOWN,UNKNOWN,SCOUT_IDENTIFICATION,UNIT_ANALYSIS,MEDIUM,"total_units=0, scouts_found=0",EFFICIENT_RECONNAISSANCE,N/A,HIGH,IMMEDIATE,LOW,N/A,Identyfikacja 0 jednostek zwiadu z 0 dostępnych,N/A,N/A,N/A,INDIRECT_POSITIVE,N/A
2025-09-19 23:10:46,UNKNOWN,UNKNOWN,ENEMY_DETECTION,INTELLIGENCE_GATHERING,CRITICAL,"vision_positions=0, tokens_checked=40, enemies_detected=0",THREAT_IDENTIFICATION,N/A,HIGH,IMMEDIATE,LOW,N/A,Wykryto 0 wrogich jednostek z 0 pozycji obserwacji,N/A,N/A,HIGH,DIRECT_POSITIVE,N/A
2025-09-19 23:10:46,1,3,PHASE1_SUMMARY,STRATEGIC_PLANNING,CRITICAL,"units=0, scouts_id=0, scouts_deployed=0, enemies=0",INTELLIGENCE_GATHERED,0_OPPORTUNITIES_IDENTIFIED,HIGH,MULTI_TURN,MEDIUM,N/A,"Faza 1 zakończona: 0 scoutów, 0 wrogów, 0 okazji",N/A,N/A,HIGH,STRATEGIC_FOUNDATION,N/A
2025-09-19 23:10:46,1,Polska,TURN_START,STRATEGIC_INITIALIZATION,CRITICAL,"nation=Polska, total_units=0, available_units=0",PHASE3_EXECUTION,N/A,HIGH,SINGLE_TURN,HIGH,N/A,Rozpoczęcie tury 1 dla Polska z 0 jednostkami,N/A,N/A,CRITICAL,STRATEGIC_POSITIONING,N/A
2025-09-19 23:10:46,UNKNOWN,UNKNOWN,SCOUT_IDENTIFICATION,UNIT_ANALYSIS,MEDIUM,"total_units=0, scouts_found=0",EFFICIENT_RECONNAISSANCE,N/A,HIGH,IMMEDIATE,LOW,N/A,Identyfikacja 0 jednostek zwiadu z 0 dostępnych,N/A,N/A,N/A,INDIRECT_POSITIVE,N/A
2025-09-19 23:10:46,UNKNOWN,UNKNOWN,ENEMY_DETECTION,INTELLIGENCE_GATHERING,CRITICAL,"vision_positions=0, tokens_checked=40, enemies_detected=0",THREAT_IDENTIFICATION,N/A,HIGH,IMMEDIATE,LOW,N/A,Wykryto 0 wrogich jednostek z 0 pozycji obserwacji,N/A,N/A,HIGH,DIRECT_POSITIVE,N/A
2025-09-19 23:10:46,1,3,PHASE1_SUMMARY,STRATEGIC_PLANNING,CRITICAL,"units=0, scouts_id=0, scouts_deployed=0, enemies=0",INTELLIGENCE_GATHERED,0_OPPORTUNITIES_IDENTIFIED,HIGH,MULTI_TURN,MEDIUM,N/A,"Faza 1 zakończona: 0 scoutów, 0 wrogów, 0 okazji",N/A,N/A,HIGH,STRATEGIC_FOUNDATION,N/A
2025-09-19 23:10:46,UNKNOWN,UNKNOWN,SCOUT_IDENTIFICATION,UNIT_ANALYSIS,MEDIUM,"total_units=0, scouts_found=0",EFFICIENT_RECONNAISSANCE,N/A,HIGH,IMMEDIATE,LOW,N/A,Identyfikacja 0 jednostek zwiadu z 0 dostępnych,N/A,N/A,N/A,INDIRECT_POSITIVE,N/A
2025-09-19 23:10:46,UNKNOWN,UNKNOWN,ENEMY_DETECTION,INTELLIGENCE_GATHERING,CRITICAL,"vision_positions=0, tokens_checked=40, enemies_detected=0",THREAT_IDENTIFICATION,N/A,HIGH,IMMEDIATE,LOW,N/A,Wykryto 0 wrogich jednostek z 0 pozycji obserwacji,N/A,N/A,HIGH,DIRECT_POSITIVE,N/A
2025-09-19 23:10:46,1,3,PHASE1_SUMMARY,STRATEGIC_PLANNING,CRITICAL,"units=0, scouts_id=0, scouts_deployed=0, enemies=0",INTELLIGENCE_GATHERED,0_OPPORTUNITIES_IDENTIFIED,HIGH,MULTI_TURN,MEDIUM,N/A,"Faza 1 zakończona: 0 scoutów, 0 wrogów, 0 okazji",N/A,N/A,HIGH,STRATEGIC_FOUNDATION,N/A
2025-09-19 23:10:46,1,Polska,TURN_START,STRATEGIC_INITIALIZATION,CRITICAL,"nation=Polska, total_units=0, available_units=0",PHASE3_EXECUTION,N/A,HIGH,SINGLE_TURN,HIGH,N/A,Rozpoczęcie tury 1 dla Polska z 0 jednostkami,N/A,N/A,CRITICAL,STRATEGIC_POSITIONING,N/A
2025-09-19 23:10:48,N/A,Polska,STRATEGIC_DECISION,OPERATIONS,MEDIUM,"state=REASSIGNMENT, groups=5, reassignments=0",N/A,N/A,MEDIUM,N/A,N/A,N/A,"Strategy: REASSIGNMENT, aggression 0.50",N/A,N/A,N/A,N/A,N/A
2025-09-19 23:10:48,N/A,Polska,STRATEGIC_DECISION,OPERATIONS,MEDIUM,"state=REASSIGNMENT, groups=5, reassignments=0",N/A,N/A,MEDIUM,N/A,N/A,N/A,"Strategy: REASSIGNMENT, aggression 0.50",N/A,N/A,N/A,N/A,N/A
2025-09-19 23:10:48,N/A,Polska,STRATEGIC_DECISION,OPERATIONS,MEDIUM,"state=REASSIGNMENT, groups=1, reassignments=0",N/A,N/A,MEDIUM,N/A,N/A,N/A,"Strategy: REASSIGNMENT, aggression 0.50",N/A,N/A,N/A,N/A,N/A
2025-09-19 23:10:48,N/A,Polska,STRATEGIC_DECISION,OPERATIONS,MEDIUM,"state=REASSIGNMENT, groups=1, reassignments=0",N/A,N/A,MEDIUM,N/A,N/A,N/A,"Strategy: REASSIGNMENT, aggression 0.50",N/A,N/A,N/A,N/A,N/A
2025-09-19 23:10:48,N/A,Polska,STRATEGIC_DECISION,OPERATIONS,MEDIUM,"state=REASSIGNMENT, groups=1, reassignments=0",N/A,N/A,MEDIUM,N/A,N/A,N/A,"Strategy: REASSIGNMENT, aggression 0.50",N/A,N/A,N/A,N/A,N/A
2025-09-19 23:10:48,N/A,Polska,STRATEGIC_DECISION,OPERATIONS,MEDIUM,"state=REASSIGNMENT, groups=1, reassignments=0",N/A,N/A,MEDIUM,N/A,N/A,N/A,"Strategy: REASSIGNMENT, aggression 0.50",N/A,N/A,N/A,N/A,N/A
2025-09-19 23:10:48,N/A,Polska,STRATEGIC_DECISION,OPERATIONS,MEDIUM,"state=REASSIGNMENT, groups=1, reassignments=0",N/A,N/A,MEDIUM,N/A,N/A,N/A,"Strategy: REASSIGNMENT, aggression 0.50",N/A,N/A,N/A,N/A,N/A
2025-09-19 23:10:48,1,Niemcy,TURN_START_VICTORY_AI,STRATEGIC_INITIALIZATION,CRITICAL,"nation=Niemcy, tokens=0, captured_kps=0",VICTORY_AI_ACTIVATION,N/A,HIGH,SINGLE_TURN,HIGH,N/A,Inicjalizacja Victory AI dla gracza 5 (Niemcy) w turze 1,N/A,N/A,CRITICAL,STRATEGIC_POSITIVE,N/A
2025-09-19 23:10:48,UNKNOWN,UNKNOWN,SCOUT_IDENTIFICATION,UNIT_ANALYSIS,MEDIUM,"total_units=0, scouts_found=0",EFFICIENT_RECONNAISSANCE,N/A,HIGH,IMMEDIATE,LOW,N/A,Identyfikacja 0 jednostek zwiadu z 0 dostępnych,N/A,N/A,N/A,INDIRECT_POSITIVE,N/A
2025-09-19 23:10:48,UNKNOWN,UNKNOWN,ENEMY_DETECTION,INTELLIGENCE_GATHERING,CRITICAL,"vision_positions=0, tokens_checked=40, enemies_detected=0",THREAT_IDENTIFICATION,N/A,HIGH,IMMEDIATE,LOW,N/A,Wykryto 0 wrogich jednostek z 0 pozycji obserwacji,N/A,N/A,HIGH,DIRECT_POSITIVE,N/A
2025-09-19 23:10:48,1,5,PHASE1_SUMMARY,STRATEGIC_PLANNING,CRITICAL,"units=0, scouts_id=0, scouts_deployed=0, enemies=0",INTELLIGENCE_GATHERED,0_OPPORTUNITIES_IDENTIFIED,HIGH,MULTI_TURN,MEDIUM,N/A,"Faza 1 zakończona: 0 scoutów, 0 wrogów, 0 okazji",N/A,N/A,HIGH,STRATEGIC_FOUNDATION,N/A
2025-09-19 23:10:48,UNKNOWN,UNKNOWN,SCOUT_IDENTIFICATION,UNIT_ANALYSIS,MEDIUM,"total_units=0, scouts_found=0",EFFICIENT_RECONNAISSANCE,N/A,HIGH,IMMEDIATE,LOW,N/A,Identyfikacja 0 jednostek zwiadu z 0 dostępnych,N/A,N/A,N/A,INDIRECT_POSITIVE,N/A
2025-09-19 23:10:48,UNKNOWN,UNKNOWN,ENEMY_DETECTION,INTELLIGENCE_GATHERING,CRITICAL,"vision_positions=0, tokens_checked=40, enemies_detected=0",THREAT_IDENTIFICATION,N/A,HIGH,IMMEDIATE,LOW,N/A,Wykryto 0 wrogich jednostek z 0 pozycji obserwacji,N/A,N/A,HIGH,DIRECT_POSITIVE,N/A
2025-09-19 23:10:48,1,5,PHASE1_SUMMARY,STRATEGIC_PLANNING,CRITICAL,"units=0, scouts_id=0, scouts_deployed=0, enemies=0",INTELLIGENCE_GATHERED,0_OPPORTUNITIES_IDENTIFIED,HIGH,MULTI_TURN,MEDIUM,N/A,"Faza 1 zakończona: 0 scoutów, 0 wrogów, 0 okazji",N/A,N/A,HIGH,STRATEGIC_FOUNDATION,N/A
2025-09-19 23:10:48,1,Niemcy,TURN_START,STRATEGIC_INITIALIZATION,CRITICAL,"nation=Niemcy, total_units=0, available_units=0",PHASE3_EXECUTION,N/A,HIGH,SINGLE_TURN,HIGH,N/A,Rozpoczęcie tury 1 dla Niemcy z 0 jednostkami,N/A,N/A,CRITICAL,STRATEGIC_POSITIONING,N/A
2025-09-19 23:10:48,UNKNOWN,UNKNOWN,SCOUT_IDENTIFICATION,UNIT_ANALYSIS,MEDIUM,"total_units=0, scouts_found=0",EFFICIENT_RECONNAISSANCE,N/A,HIGH,IMMEDIATE,LOW,N/A,Identyfikacja 0 jednostek zwiadu z 0 dostępnych,N/A,N/A,N/A,INDIRECT_POSITIVE,N/A
2025-09-19 23:10:48,UNKNOWN,UNKNOWN,ENEMY_DETECTION,INTELLIGENCE_GATHERING,CRITICAL,"vision_positions=0, tokens_checked=40, enemies_detected=0",THREAT_IDENTIFICATION,N/A,HIGH,IMMEDIATE,LOW,N/A,Wykryto 0 wrogich jednostek z 0 pozycji obserwacji,N/A,N/A,HIGH,DIRECT_POSITIVE,N/A
2025-09-19 23:10:48,1,5,PHASE1_SUMMARY,STRATEGIC_PLANNING,CRITICAL,"units=0, scouts_id=0, scouts_deployed=0, enemies=0",INTELLIGENCE_GATHERED,0_OPPORTUNITIES_IDENTIFIED,HIGH,MULTI_TURN,MEDIUM,N/A,"Faza 1 zakończona: 0 scoutów, 0 wrogów, 0 okazji",N/A,N/A,HIGH,STRATEGIC_FOUNDATION,N/A
2025-09-19 23:10:48,UNKNOWN,UNKNOWN,SCOUT_IDENTIFICATION,UNIT_ANALYSIS,MEDIUM,"total_units=0, scouts_found=0",EFFICIENT_RECONNAISSANCE,N/A,HIGH,IMMEDIATE,LOW,N/A,Identyfikacja 0 jednostek zwiadu z 0 dostępnych,N/A,N/A,N/A,INDIRECT_POSITIVE,N/A
2025-09-19 23:10:48,UNKNOWN,UNKNOWN,ENEMY_DETECTION,INTELLIGENCE_GATHERING,CRITICAL,"vision_positions=0, tokens_checked=40, enemies_detected=0",THREAT_IDENTIFICATION,N/A,HIGH,IMMEDIATE,LOW,N/A,Wykryto 0 wrogich jednostek z 0 pozycji obserwacji,N/A,N/A,HIGH,DIRECT_POSITIVE,N/A
2025-09-19 23:10:48,1,5,PHASE1_SUMMARY,STRATEGIC_PLANNING,CRITICAL,"units=0, scouts_id=0, scouts_deployed=0, enemies=0",INTELLIGENCE_GATHERED,0_OPPORTUNITIES_IDENTIFIED,HIGH,MULTI_TURN,MEDIUM,N/A,"Faza 1 zakończona: 0 scoutów, 0 wrogów, 0 okazji",N/A,N/A,HIGH,STRATEGIC_FOUNDATION,N/A
2025-09-19 23:10:48,1,Niemcy,TURN_START,STRATEGIC_INITIALIZATION,CRITICAL,"nation=Niemcy, total_units=0, available_units=0",PHASE3_EXECUTION,N/A,HIGH,SINGLE_TURN,HIGH,N/A,Rozpoczęcie tury 1 dla Niemcy z 0 jednostkami,N/A,N/A,CRITICAL,STRATEGIC_POSITIONING,N/A
2025-09-19 23:10:49,N/A,Niemcy,STRATEGIC_DECISION,OPERATIONS,MEDIUM,"state=REASSIGNMENT, groups=2, reassignments=0",N/A,N/A,MEDIUM,N/A,N/A,N/A,"Strategy: REASSIGNMENT, aggression 0.50",N/A,N/A,N/A,N/A,N/A
2025-09-19 23:10:49,N/A,Niemcy,STRATEGIC_DECISION,OPERATIONS,MEDIUM,"state=REASSIGNMENT, groups=2, reassignments=0",N/A,N/A,MEDIUM,N/A,N/A,N/A,"Strategy: REASSIGNMENT, aggression 0.50",N/A,N/A,N/A,N/A,N/A
2025-09-19 23:10:49,N/A,Niemcy,STRATEGIC_DECISION,OPERATIONS,MEDIUM,"state=REASSIGNMENT, groups=1, reassignments=0",N/A,N/A,MEDIUM,N/A,N/A,N/A,"Strategy: REASSIGNMENT, aggression 0.50",N/A,N/A,N/A,N/A,N/A
2025-09-19 23:10:49,N/A,Niemcy,STRATEGIC_DECISION,OPERATIONS,MEDIUM,"state=REASSIGNMENT, groups=1, reassignments=0",N/A,N/A,MEDIUM,N/A,N/A,N/A,"Strategy: REASSIGNMENT, aggression 0.50",N/A,N/A,N/A,N/A,N/A
2025-09-19 23:10:49,1,Niemcy,TURN_START_VICTORY_AI,STRATEGIC_INITIALIZATION,CRITICAL,"nation=Niemcy, tokens=0, captured_kps=0",VICTORY_AI_ACTIVATION,N/A,HIGH,SINGLE_TURN,HIGH,N/A,Inicjalizacja Victory AI dla gracza 6 (Niemcy) w turze 1,N/A,N/A,CRITICAL,STRATEGIC_POSITIVE,N/A
2025-09-19 23:10:49,UNKNOWN,UNKNOWN,SCOUT_IDENTIFICATION,UNIT_ANALYSIS,MEDIUM,"total_units=0, scouts_found=0",EFFICIENT_RECONNAISSANCE,N/A,HIGH,IMMEDIATE,LOW,N/A,Identyfikacja 0 jednostek zwiadu z 0 dostępnych,N/A,N/A,N/A,INDIRECT_POSITIVE,N/A
2025-09-19 23:10:49,UNKNOWN,UNKNOWN,ENEMY_DETECTION,INTELLIGENCE_GATHERING,CRITICAL,"vision_positions=0, tokens_checked=40, enemies_detected=0",THREAT_IDENTIFICATION,N/A,HIGH,IMMEDIATE,LOW,N/A,Wykryto 0 wrogich jednostek z 0 pozycji obserwacji,N/A,N/A,HIGH,DIRECT_POSITIVE,N/A
2025-09-19 23:10:49,1,6,PHASE1_SUMMARY,STRATEGIC_PLANNING,CRITICAL,"units=0, scouts_id=0, scouts_deployed=0, enemies=0",INTELLIGENCE_GATHERED,0_OPPORTUNITIES_IDENTIFIED,HIGH,MULTI_TURN,MEDIUM,N/A,"Faza 1 zakończona: 0 scoutów, 0 wrogów, 0 okazji",N/A,N/A,HIGH,STRATEGIC_FOUNDATION,N/A
2025-09-19 23:10:49,UNKNOWN,UNKNOWN,SCOUT_IDENTIFICATION,UNIT_ANALYSIS,MEDIUM,"total_units=0, scouts_found=0",EFFICIENT_RECONNAISSANCE,N/A,HIGH,IMMEDIATE,LOW,N/A,Identyfikacja 0 jednostek zwiadu z 0 dostępnych,N/A,N/A,N/A,INDIRECT_POSITIVE,N/A
2025-09-19 23:10:49,UNKNOWN,UNKNOWN,ENEMY_DETECTION,INTELLIGENCE_GATHERING,CRITICAL,"vision_positions=0, tokens_checked=40, enemies_detected=0",THREAT_IDENTIFICATION,N/A,HIGH,IMMEDIATE,LOW,N/A,Wykryto 0 wrogich jednostek z 0 pozycji obserwacji,N/A,N/A,HIGH,DIRECT_POSITIVE,N/A
2025-09-19 23:10:49,1,6,PHASE1_SUMMARY,STRATEGIC_PLANNING,CRITICAL,"units=0, scouts_id=0, scouts_deployed=0, enemies=0",INTELLIGENCE_GATHERED,0_OPPORTUNITIES_IDENTIFIED,HIGH,MULTI_TURN,MEDIUM,N/A,"Faza 1 zakończona: 0 scoutów, 0 wrogów, 0 okazji",N/A,N/A,HIGH,STRATEGIC_FOUNDATION,N/A
2025-09-19 23:10:49,1,Niemcy,TURN_START,STRATEGIC_INITIALIZATION,CRITICAL,"nation=Niemcy, total_units=0, available_units=0",PHASE3_EXECUTION,N/A,HIGH,SINGLE_TURN,HIGH,N/A,Rozpoczęcie tury 1 dla Niemcy z 0 jednostkami,N/A,N/A,CRITICAL,STRATEGIC_POSITIONING,N/A
2025-09-19 23:10:49,UNKNOWN,UNKNOWN,SCOUT_IDENTIFICATION,UNIT_ANALYSIS,MEDIUM,"total_units=0, scouts_found=0",EFFICIENT_RECONNAISSANCE,N/A,HIGH,IMMEDIATE,LOW,N/A,Identyfikacja 0 jednostek zwiadu z 0 dostępnych,N/A,N/A,N/A,INDIRECT_POSITIVE,N/A
2025-09-19 23:10:49,UNKNOWN,UNKNOWN,ENEMY_DETECTION,INTELLIGENCE_GATHERING,CRITICAL,"vision_positions=0, tokens_checked=40, enemies_detected=0",THREAT_IDENTIFICATION,N/A,HIGH,IMMEDIATE,LOW,N/A,Wykryto 0 wrogich jednostek z 0 pozycji obserwacji,N/A,N/A,HIGH,DIRECT_POSITIVE,N/A
2025-09-19 23:10:49,1,6,PHASE1_SUMMARY,STRATEGIC_PLANNING,CRITICAL,"units=0, scouts_id=0, scouts_deployed=0, enemies=0",INTELLIGENCE_GATHERED,0_OPPORTUNITIES_IDENTIFIED,HIGH,MULTI_TURN,MEDIUM,N/A,"Faza 1 zakończona: 0 scoutów, 0 wrogów, 0 okazji",N/A,N/A,HIGH,STRATEGIC_FOUNDATION,N/A
2025-09-19 23:10:49,UNKNOWN,UNKNOWN,SCOUT_IDENTIFICATION,UNIT_ANALYSIS,MEDIUM,"total_units=0, scouts_found=0",EFFICIENT_RECONNAISSANCE,N/A,HIGH,IMMEDIATE,LOW,N/A,Identyfikacja 0 jednostek zwiadu z 0 dostępnych,N/A,N/A,N/A,INDIRECT_POSITIVE,N/A
2025-09-19 23:10:49,UNKNOWN,UNKNOWN,ENEMY_DETECTION,INTELLIGENCE_GATHERING,CRITICAL,"vision_positions=0, tokens_checked=40, enemies_detected=0",THREAT_IDENTIFICATION,N/A,HIGH,IMMEDIATE,LOW,N/A,Wykryto 0 wrogich jednostek z 0 pozycji obserwacji,N/A,N/A,HIGH,DIRECT_POSITIVE,N/A
2025-09-19 23:10:49,1,6,PHASE1_SUMMARY,STRATEGIC_PLANNING,CRITICAL,"units=0, scouts_id=0, scouts_deployed=0, enemies=0",INTELLIGENCE_GATHERED,0_OPPORTUNITIES_IDENTIFIED,HIGH,MULTI_TURN,MEDIUM,N/A,"Faza 1 zakończona: 0 scoutów, 0 wrogów, 0 okazji",N/A,N/A,HIGH,STRATEGIC_FOUNDATION,N/A
2025-09-19 23:10:49,1,Niemcy,TURN_START,STRATEGIC_INITIALIZATION,CRITICAL,"nation=Niemcy, total_units=0, available_units=0",PHASE3_EXECUTION,N/A,HIGH,SINGLE_TURN,HIGH,N/A,Rozpoczęcie tury 1 dla Niemcy z 0 jednostkami,N/A,N/A,CRITICAL,STRATEGIC_POSITIONING,N/A
2025-09-19 23:10:50,N/A,Niemcy,STRATEGIC_DECISION,OPERATIONS,MEDIUM,"state=REASSIGNMENT, groups=3, reassignments=0",N/A,N/A,MEDIUM,N/A,N/A,N/A,"Strategy: REASSIGNMENT, aggression 0.50",N/A,N/A,N/A,N/A,N/A
2025-09-19 23:10:50,N/A,Niemcy,STRATEGIC_DECISION,OPERATIONS,MEDIUM,"state=REASSIGNMENT, groups=3, reassignments=0",N/A,N/A,MEDIUM,N/A,N/A,N/A,"Strategy: REASSIGNMENT, aggression 0.50",N/A,N/A,N/A,N/A,N/A
2025-09-19 23:10:50,N/A,Niemcy,STRATEGIC_DECISION,OPERATIONS,MEDIUM,"state=REASSIGNMENT, groups=1, reassignments=0",N/A,N/A,MEDIUM,N/A,N/A,N/A,"Strategy: REASSIGNMENT, aggression 0.50",N/A,N/A,N/A,N/A,N/A
2025-09-19 23:10:50,N/A,Niemcy,STRATEGIC_DECISION,OPERATIONS,MEDIUM,"state=REASSIGNMENT, groups=1, reassignments=0",N/A,N/A,MEDIUM,N/A,N/A,N/A,"Strategy: REASSIGNMENT, aggression 0.50",N/A,N/A,N/A,N/A,N/A
2025-09-19 23:10:50,N/A,Niemcy,STRATEGIC_DECISION,OPERATIONS,MEDIUM,"state=REASSIGNMENT, groups=1, reassignments=0",N/A,N/A,MEDIUM,N/A,N/A,N/A,"Strategy: REASSIGNMENT, aggression 0.50",N/A,N/A,N/A,N/A,N/A
