timestamp,turn,player_id,action,details
23:52:34,1,2,TURN_START,player_nation=Polska|total_tokens=0|captured_kps=0
23:52:34,1,2,VP_INTELLIGENCE,"vp_status={'vp_own': 0, 'vp_enemy': 0, 'vp_gap': 0, 'turn': 1, 'max_turns': 30}|trend_direction=STABLE|threat_level=LOW|opportunities_count=0|recommendations_count=0"
23:52:34,UNKNOWN,UNKNOWN,SCOUT_IDENTIFICATION,total_units=0|scouts_found=0|scout_ids=
23:52:34,UNKNOWN,UNKNOWN,ENEMY_DETECTION,vision_positions=0|total_tokens_checked=40|enemies_detected=0|enemy_nations=
23:52:34,1,2,PHASE1_SUMMARY,total_units=0|scouts_identified=0|scouts_deployed=0|enemies_detected=0|combat_opportunities=0|threat_clusters=0
23:52:34,UNKNOWN,UNKNOWN,SCOUT_IDENTIFICATION,total_units=0|scouts_found=0|scout_ids=
23:52:34,UNKNOWN,UNKNOWN,ENEMY_DETECTION,vision_positions=0|total_tokens_checked=40|enemies_detected=0|enemy_nations=
23:52:34,1,2,PHASE1_SUMMARY,total_units=0|scouts_identified=0|scouts_deployed=0|enemies_detected=0|combat_opportunities=0|threat_clusters=0
23:52:34,1,2,PHASE2_SUMMARY,active_plans=0|new_plans=0|executed_plans=0|aborted_plans=0
23:52:34,1,2,TURN_START,player_nation=Polska|total_units=0|available_units=0
23:52:34,1,2,PHASE3_SUMMARY,defenders_assigned=0|kps_covered=0|pe_secure=True|threat_level=0.0|active_plans=0
23:52:34,UNKNOWN,UNKNOWN,SCOUT_IDENTIFICATION,total_units=0|scouts_found=0|scout_ids=
23:52:34,UNKNOWN,UNKNOWN,ENEMY_DETECTION,vision_positions=0|total_tokens_checked=40|enemies_detected=0|enemy_nations=
23:52:34,1,2,PHASE1_SUMMARY,total_units=0|scouts_identified=0|scouts_deployed=0|enemies_detected=0|combat_opportunities=0|threat_clusters=0
23:52:34,UNKNOWN,UNKNOWN,SCOUT_IDENTIFICATION,total_units=0|scouts_found=0|scout_ids=
23:52:34,UNKNOWN,UNKNOWN,ENEMY_DETECTION,vision_positions=0|total_tokens_checked=40|enemies_detected=0|enemy_nations=
23:52:34,1,2,PHASE1_SUMMARY,total_units=0|scouts_identified=0|scouts_deployed=0|enemies_detected=0|combat_opportunities=0|threat_clusters=0
23:52:34,1,2,PHASE2_SUMMARY,active_plans=0|new_plans=0|executed_plans=0|aborted_plans=0
23:52:34,1,2,TURN_START,player_nation=Polska|total_units=0|available_units=0
23:52:34,1,2,PHASE3_SUMMARY,defenders_assigned=0|kps_covered=0|pe_secure=True|threat_level=0.0|active_plans=0
23:52:34,UNKNOWN,2,PHASE_4_COMPLETE,request_generated=False|urgency=NONE|requirements=0|priority_areas=
23:52:34,1,3,TURN_START,player_nation=Polska|total_tokens=0|captured_kps=0
23:52:34,1,3,VP_INTELLIGENCE,"vp_status={'vp_own': 0, 'vp_enemy': 0, 'vp_gap': 0, 'turn': 1, 'max_turns': 30}|trend_direction=STABLE|threat_level=LOW|opportunities_count=0|recommendations_count=0"
23:52:34,UNKNOWN,UNKNOWN,SCOUT_IDENTIFICATION,total_units=0|scouts_found=0|scout_ids=
23:52:34,UNKNOWN,UNKNOWN,ENEMY_DETECTION,vision_positions=0|total_tokens_checked=40|enemies_detected=0|enemy_nations=
23:52:34,1,3,PHASE1_SUMMARY,total_units=0|scouts_identified=0|scouts_deployed=0|enemies_detected=0|combat_opportunities=0|threat_clusters=0
23:52:34,UNKNOWN,UNKNOWN,SCOUT_IDENTIFICATION,total_units=0|scouts_found=0|scout_ids=
23:52:34,UNKNOWN,UNKNOWN,ENEMY_DETECTION,vision_positions=0|total_tokens_checked=40|enemies_detected=0|enemy_nations=
23:52:34,1,3,PHASE1_SUMMARY,total_units=0|scouts_identified=0|scouts_deployed=0|enemies_detected=0|combat_opportunities=0|threat_clusters=0
23:52:34,1,3,PHASE2_SUMMARY,active_plans=0|new_plans=0|executed_plans=0|aborted_plans=0
23:52:34,1,3,TURN_START,player_nation=Polska|total_units=0|available_units=0
23:52:34,1,3,PHASE3_SUMMARY,defenders_assigned=0|kps_covered=0|pe_secure=True|threat_level=0.0|active_plans=0
23:52:34,UNKNOWN,UNKNOWN,SCOUT_IDENTIFICATION,total_units=0|scouts_found=0|scout_ids=
23:52:34,UNKNOWN,UNKNOWN,ENEMY_DETECTION,vision_positions=0|total_tokens_checked=40|enemies_detected=0|enemy_nations=
23:52:34,1,3,PHASE1_SUMMARY,total_units=0|scouts_identified=0|scouts_deployed=0|enemies_detected=0|combat_opportunities=0|threat_clusters=0
23:52:34,UNKNOWN,UNKNOWN,SCOUT_IDENTIFICATION,total_units=0|scouts_found=0|scout_ids=
23:52:34,UNKNOWN,UNKNOWN,ENEMY_DETECTION,vision_positions=0|total_tokens_checked=40|enemies_detected=0|enemy_nations=
23:52:34,1,3,PHASE1_SUMMARY,total_units=0|scouts_identified=0|scouts_deployed=0|enemies_detected=0|combat_opportunities=0|threat_clusters=0
23:52:34,1,3,PHASE2_SUMMARY,active_plans=0|new_plans=0|executed_plans=0|aborted_plans=0
23:52:34,1,3,TURN_START,player_nation=Polska|total_units=0|available_units=0
23:52:34,1,3,PHASE3_SUMMARY,defenders_assigned=0|kps_covered=0|pe_secure=True|threat_level=0.0|active_plans=0
23:52:34,UNKNOWN,3,PHASE_4_COMPLETE,request_generated=False|urgency=NONE|requirements=0|priority_areas=
23:52:36,1,5,TURN_START,player_nation=Niemcy|total_tokens=0|captured_kps=0
23:52:36,1,5,VP_INTELLIGENCE,"vp_status={'vp_own': 0, 'vp_enemy': 0, 'vp_gap': 0, 'turn': 1, 'max_turns': 30}|trend_direction=STABLE|threat_level=LOW|opportunities_count=0|recommendations_count=0"
23:52:36,UNKNOWN,UNKNOWN,SCOUT_IDENTIFICATION,total_units=0|scouts_found=0|scout_ids=
23:52:36,UNKNOWN,UNKNOWN,ENEMY_DETECTION,vision_positions=0|total_tokens_checked=40|enemies_detected=0|enemy_nations=
23:52:36,1,5,PHASE1_SUMMARY,total_units=0|scouts_identified=0|scouts_deployed=0|enemies_detected=0|combat_opportunities=0|threat_clusters=0
23:52:36,UNKNOWN,UNKNOWN,SCOUT_IDENTIFICATION,total_units=0|scouts_found=0|scout_ids=
23:52:36,UNKNOWN,UNKNOWN,ENEMY_DETECTION,vision_positions=0|total_tokens_checked=40|enemies_detected=0|enemy_nations=
23:52:36,1,5,PHASE1_SUMMARY,total_units=0|scouts_identified=0|scouts_deployed=0|enemies_detected=0|combat_opportunities=0|threat_clusters=0
23:52:36,1,5,PHASE2_SUMMARY,active_plans=0|new_plans=0|executed_plans=0|aborted_plans=0
23:52:36,1,5,TURN_START,player_nation=Niemcy|total_units=0|available_units=0
23:52:36,1,5,PHASE3_SUMMARY,defenders_assigned=0|kps_covered=0|pe_secure=True|threat_level=0.0|active_plans=0
23:52:36,UNKNOWN,UNKNOWN,SCOUT_IDENTIFICATION,total_units=0|scouts_found=0|scout_ids=
23:52:36,UNKNOWN,UNKNOWN,ENEMY_DETECTION,vision_positions=0|total_tokens_checked=40|enemies_detected=0|enemy_nations=
23:52:36,1,5,PHASE1_SUMMARY,total_units=0|scouts_identified=0|scouts_deployed=0|enemies_detected=0|combat_opportunities=0|threat_clusters=0
23:52:36,UNKNOWN,UNKNOWN,SCOUT_IDENTIFICATION,total_units=0|scouts_found=0|scout_ids=
23:52:36,UNKNOWN,UNKNOWN,ENEMY_DETECTION,vision_positions=0|total_tokens_checked=40|enemies_detected=0|enemy_nations=
23:52:36,1,5,PHASE1_SUMMARY,total_units=0|scouts_identified=0|scouts_deployed=0|enemies_detected=0|combat_opportunities=0|threat_clusters=0
23:52:36,1,5,PHASE2_SUMMARY,active_plans=0|new_plans=0|executed_plans=0|aborted_plans=0
23:52:36,1,5,TURN_START,player_nation=Niemcy|total_units=0|available_units=0
23:52:36,1,5,PHASE3_SUMMARY,defenders_assigned=0|kps_covered=0|pe_secure=True|threat_level=0.0|active_plans=0
23:52:36,UNKNOWN,5,PHASE_4_COMPLETE,request_generated=False|urgency=NONE|requirements=0|priority_areas=
23:52:36,1,6,TURN_START,player_nation=Niemcy|total_tokens=0|captured_kps=0
23:52:36,1,6,VP_INTELLIGENCE,"vp_status={'vp_own': 0, 'vp_enemy': 0, 'vp_gap': 0, 'turn': 1, 'max_turns': 30}|trend_direction=STABLE|threat_level=LOW|opportunities_count=0|recommendations_count=0"
23:52:36,UNKNOWN,UNKNOWN,SCOUT_IDENTIFICATION,total_units=0|scouts_found=0|scout_ids=
23:52:36,UNKNOWN,UNKNOWN,ENEMY_DETECTION,vision_positions=0|total_tokens_checked=40|enemies_detected=0|enemy_nations=
23:52:36,1,6,PHASE1_SUMMARY,total_units=0|scouts_identified=0|scouts_deployed=0|enemies_detected=0|combat_opportunities=0|threat_clusters=0
23:52:36,UNKNOWN,UNKNOWN,SCOUT_IDENTIFICATION,total_units=0|scouts_found=0|scout_ids=
23:52:36,UNKNOWN,UNKNOWN,ENEMY_DETECTION,vision_positions=0|total_tokens_checked=40|enemies_detected=0|enemy_nations=
23:52:36,1,6,PHASE1_SUMMARY,total_units=0|scouts_identified=0|scouts_deployed=0|enemies_detected=0|combat_opportunities=0|threat_clusters=0
23:52:36,1,6,PHASE2_SUMMARY,active_plans=0|new_plans=0|executed_plans=0|aborted_plans=0
23:52:36,1,6,TURN_START,player_nation=Niemcy|total_units=0|available_units=0
23:52:36,1,6,PHASE3_SUMMARY,defenders_assigned=0|kps_covered=0|pe_secure=True|threat_level=0.0|active_plans=0
23:52:36,UNKNOWN,UNKNOWN,SCOUT_IDENTIFICATION,total_units=0|scouts_found=0|scout_ids=
23:52:36,UNKNOWN,UNKNOWN,ENEMY_DETECTION,vision_positions=0|total_tokens_checked=40|enemies_detected=0|enemy_nations=
23:52:36,1,6,PHASE1_SUMMARY,total_units=0|scouts_identified=0|scouts_deployed=0|enemies_detected=0|combat_opportunities=0|threat_clusters=0
23:52:36,UNKNOWN,UNKNOWN,SCOUT_IDENTIFICATION,total_units=0|scouts_found=0|scout_ids=
23:52:36,UNKNOWN,UNKNOWN,ENEMY_DETECTION,vision_positions=0|total_tokens_checked=40|enemies_detected=0|enemy_nations=
23:52:36,1,6,PHASE1_SUMMARY,total_units=0|scouts_identified=0|scouts_deployed=0|enemies_detected=0|combat_opportunities=0|threat_clusters=0
23:52:36,1,6,PHASE2_SUMMARY,active_plans=0|new_plans=0|executed_plans=0|aborted_plans=0
23:52:36,1,6,TURN_START,player_nation=Niemcy|total_units=0|available_units=0
23:52:36,1,6,PHASE3_SUMMARY,defenders_assigned=0|kps_covered=0|pe_secure=True|threat_level=0.0|active_plans=0
23:52:36,UNKNOWN,6,PHASE_4_COMPLETE,request_generated=False|urgency=NONE|requirements=0|priority_areas=
23:52:37,1,2,TURN_START,player_nation=Polska|total_tokens=0|captured_kps=0
23:52:37,1,2,VP_INTELLIGENCE,"vp_status={'vp_own': 0, 'vp_enemy': 0, 'vp_gap': 0, 'turn': 1, 'max_turns': 30}|trend_direction=STABLE|threat_level=LOW|opportunities_count=0|recommendations_count=0"
23:52:37,UNKNOWN,UNKNOWN,SCOUT_IDENTIFICATION,total_units=0|scouts_found=0|scout_ids=
23:52:37,UNKNOWN,UNKNOWN,ENEMY_DETECTION,vision_positions=0|total_tokens_checked=40|enemies_detected=0|enemy_nations=
23:52:37,1,2,PHASE1_SUMMARY,total_units=0|scouts_identified=0|scouts_deployed=0|enemies_detected=0|combat_opportunities=0|threat_clusters=0
23:52:37,UNKNOWN,UNKNOWN,SCOUT_IDENTIFICATION,total_units=0|scouts_found=0|scout_ids=
23:52:37,UNKNOWN,UNKNOWN,ENEMY_DETECTION,vision_positions=0|total_tokens_checked=40|enemies_detected=0|enemy_nations=
23:52:37,1,2,PHASE1_SUMMARY,total_units=0|scouts_identified=0|scouts_deployed=0|enemies_detected=0|combat_opportunities=0|threat_clusters=0
23:52:37,1,2,PHASE2_SUMMARY,active_plans=0|new_plans=0|executed_plans=0|aborted_plans=0
23:52:37,1,2,TURN_START,player_nation=Polska|total_units=0|available_units=0
23:52:37,1,2,PHASE3_SUMMARY,defenders_assigned=0|kps_covered=0|pe_secure=True|threat_level=0.0|active_plans=0
23:52:37,UNKNOWN,UNKNOWN,SCOUT_IDENTIFICATION,total_units=0|scouts_found=0|scout_ids=
23:52:37,UNKNOWN,UNKNOWN,ENEMY_DETECTION,vision_positions=0|total_tokens_checked=40|enemies_detected=0|enemy_nations=
23:52:37,1,2,PHASE1_SUMMARY,total_units=0|scouts_identified=0|scouts_deployed=0|enemies_detected=0|combat_opportunities=0|threat_clusters=0
23:52:37,UNKNOWN,UNKNOWN,SCOUT_IDENTIFICATION,total_units=0|scouts_found=0|scout_ids=
23:52:37,UNKNOWN,UNKNOWN,ENEMY_DETECTION,vision_positions=0|total_tokens_checked=40|enemies_detected=0|enemy_nations=
23:52:37,1,2,PHASE1_SUMMARY,total_units=0|scouts_identified=0|scouts_deployed=0|enemies_detected=0|combat_opportunities=0|threat_clusters=0
23:52:37,1,2,PHASE2_SUMMARY,active_plans=0|new_plans=0|executed_plans=0|aborted_plans=0
23:52:37,1,2,TURN_START,player_nation=Polska|total_units=0|available_units=0
23:52:37,1,2,PHASE3_SUMMARY,defenders_assigned=0|kps_covered=0|pe_secure=True|threat_level=0.0|active_plans=0
23:52:37,UNKNOWN,2,PHASE_4_COMPLETE,request_generated=False|urgency=NONE|requirements=0|priority_areas=
23:52:38,1,3,TURN_START,player_nation=Polska|total_tokens=0|captured_kps=0
23:52:38,1,3,VP_INTELLIGENCE,"vp_status={'vp_own': 0, 'vp_enemy': 0, 'vp_gap': 0, 'turn': 1, 'max_turns': 30}|trend_direction=STABLE|threat_level=LOW|opportunities_count=0|recommendations_count=0"
23:52:38,UNKNOWN,UNKNOWN,SCOUT_IDENTIFICATION,total_units=0|scouts_found=0|scout_ids=
23:52:38,UNKNOWN,UNKNOWN,ENEMY_DETECTION,vision_positions=0|total_tokens_checked=40|enemies_detected=0|enemy_nations=
23:52:38,1,3,PHASE1_SUMMARY,total_units=0|scouts_identified=0|scouts_deployed=0|enemies_detected=0|combat_opportunities=0|threat_clusters=0
23:52:38,UNKNOWN,UNKNOWN,SCOUT_IDENTIFICATION,total_units=0|scouts_found=0|scout_ids=
23:52:38,UNKNOWN,UNKNOWN,ENEMY_DETECTION,vision_positions=0|total_tokens_checked=40|enemies_detected=0|enemy_nations=
23:52:38,1,3,PHASE1_SUMMARY,total_units=0|scouts_identified=0|scouts_deployed=0|enemies_detected=0|combat_opportunities=0|threat_clusters=0
23:52:38,1,3,PHASE2_SUMMARY,active_plans=0|new_plans=0|executed_plans=0|aborted_plans=0
23:52:38,1,3,TURN_START,player_nation=Polska|total_units=0|available_units=0
23:52:38,1,3,PHASE3_SUMMARY,defenders_assigned=0|kps_covered=0|pe_secure=True|threat_level=0.0|active_plans=0
23:52:38,UNKNOWN,UNKNOWN,SCOUT_IDENTIFICATION,total_units=0|scouts_found=0|scout_ids=
23:52:38,UNKNOWN,UNKNOWN,ENEMY_DETECTION,vision_positions=0|total_tokens_checked=40|enemies_detected=0|enemy_nations=
23:52:38,1,3,PHASE1_SUMMARY,total_units=0|scouts_identified=0|scouts_deployed=0|enemies_detected=0|combat_opportunities=0|threat_clusters=0
23:52:38,UNKNOWN,UNKNOWN,SCOUT_IDENTIFICATION,total_units=0|scouts_found=0|scout_ids=
23:52:38,UNKNOWN,UNKNOWN,ENEMY_DETECTION,vision_positions=0|total_tokens_checked=40|enemies_detected=0|enemy_nations=
23:52:38,1,3,PHASE1_SUMMARY,total_units=0|scouts_identified=0|scouts_deployed=0|enemies_detected=0|combat_opportunities=0|threat_clusters=0
23:52:38,1,3,PHASE2_SUMMARY,active_plans=0|new_plans=0|executed_plans=0|aborted_plans=0
23:52:38,1,3,TURN_START,player_nation=Polska|total_units=0|available_units=0
23:52:38,1,3,PHASE3_SUMMARY,defenders_assigned=0|kps_covered=0|pe_secure=True|threat_level=0.0|active_plans=0
23:52:38,UNKNOWN,3,PHASE_4_COMPLETE,request_generated=False|urgency=NONE|requirements=0|priority_areas=
23:52:39,1,5,TURN_START,player_nation=Niemcy|total_tokens=0|captured_kps=0
23:52:39,1,5,VP_INTELLIGENCE,"vp_status={'vp_own': 0, 'vp_enemy': 0, 'vp_gap': 0, 'turn': 1, 'max_turns': 30}|trend_direction=STABLE|threat_level=LOW|opportunities_count=0|recommendations_count=0"
23:52:39,UNKNOWN,UNKNOWN,SCOUT_IDENTIFICATION,total_units=0|scouts_found=0|scout_ids=
23:52:39,UNKNOWN,UNKNOWN,ENEMY_DETECTION,vision_positions=0|total_tokens_checked=40|enemies_detected=0|enemy_nations=
23:52:39,1,5,PHASE1_SUMMARY,total_units=0|scouts_identified=0|scouts_deployed=0|enemies_detected=0|combat_opportunities=0|threat_clusters=0
23:52:39,UNKNOWN,UNKNOWN,SCOUT_IDENTIFICATION,total_units=0|scouts_found=0|scout_ids=
23:52:39,UNKNOWN,UNKNOWN,ENEMY_DETECTION,vision_positions=0|total_tokens_checked=40|enemies_detected=0|enemy_nations=
23:52:39,1,5,PHASE1_SUMMARY,total_units=0|scouts_identified=0|scouts_deployed=0|enemies_detected=0|combat_opportunities=0|threat_clusters=0
23:52:39,1,5,PHASE2_SUMMARY,active_plans=0|new_plans=0|executed_plans=0|aborted_plans=0
23:52:39,1,5,TURN_START,player_nation=Niemcy|total_units=0|available_units=0
23:52:39,1,5,PHASE3_SUMMARY,defenders_assigned=0|kps_covered=0|pe_secure=True|threat_level=0.0|active_plans=0
23:52:39,UNKNOWN,UNKNOWN,SCOUT_IDENTIFICATION,total_units=0|scouts_found=0|scout_ids=
23:52:39,UNKNOWN,UNKNOWN,ENEMY_DETECTION,vision_positions=0|total_tokens_checked=40|enemies_detected=0|enemy_nations=
23:52:39,1,5,PHASE1_SUMMARY,total_units=0|scouts_identified=0|scouts_deployed=0|enemies_detected=0|combat_opportunities=0|threat_clusters=0
23:52:39,UNKNOWN,UNKNOWN,SCOUT_IDENTIFICATION,total_units=0|scouts_found=0|scout_ids=
23:52:39,UNKNOWN,UNKNOWN,ENEMY_DETECTION,vision_positions=0|total_tokens_checked=40|enemies_detected=0|enemy_nations=
23:52:39,1,5,PHASE1_SUMMARY,total_units=0|scouts_identified=0|scouts_deployed=0|enemies_detected=0|combat_opportunities=0|threat_clusters=0
23:52:39,1,5,PHASE2_SUMMARY,active_plans=0|new_plans=0|executed_plans=0|aborted_plans=0
23:52:39,1,5,TURN_START,player_nation=Niemcy|total_units=0|available_units=0
23:52:39,1,5,PHASE3_SUMMARY,defenders_assigned=0|kps_covered=0|pe_secure=True|threat_level=0.0|active_plans=0
23:52:39,UNKNOWN,5,PHASE_4_COMPLETE,request_generated=False|urgency=NONE|requirements=0|priority_areas=
23:52:41,1,6,TURN_START,player_nation=Niemcy|total_tokens=0|captured_kps=0
23:52:41,1,6,VP_INTELLIGENCE,"vp_status={'vp_own': 0, 'vp_enemy': 0, 'vp_gap': 0, 'turn': 1, 'max_turns': 30}|trend_direction=STABLE|threat_level=LOW|opportunities_count=0|recommendations_count=0"
23:52:41,UNKNOWN,UNKNOWN,SCOUT_IDENTIFICATION,total_units=0|scouts_found=0|scout_ids=
23:52:41,UNKNOWN,UNKNOWN,ENEMY_DETECTION,vision_positions=0|total_tokens_checked=40|enemies_detected=0|enemy_nations=
23:52:41,1,6,PHASE1_SUMMARY,total_units=0|scouts_identified=0|scouts_deployed=0|enemies_detected=0|combat_opportunities=0|threat_clusters=0
23:52:41,UNKNOWN,UNKNOWN,SCOUT_IDENTIFICATION,total_units=0|scouts_found=0|scout_ids=
23:52:41,UNKNOWN,UNKNOWN,ENEMY_DETECTION,vision_positions=0|total_tokens_checked=40|enemies_detected=0|enemy_nations=
23:52:41,1,6,PHASE1_SUMMARY,total_units=0|scouts_identified=0|scouts_deployed=0|enemies_detected=0|combat_opportunities=0|threat_clusters=0
23:52:41,1,6,PHASE2_SUMMARY,active_plans=0|new_plans=0|executed_plans=0|aborted_plans=0
23:52:41,1,6,TURN_START,player_nation=Niemcy|total_units=0|available_units=0
23:52:41,1,6,PHASE3_SUMMARY,defenders_assigned=0|kps_covered=0|pe_secure=True|threat_level=0.0|active_plans=0
23:52:41,UNKNOWN,UNKNOWN,SCOUT_IDENTIFICATION,total_units=0|scouts_found=0|scout_ids=
23:52:41,UNKNOWN,UNKNOWN,ENEMY_DETECTION,vision_positions=0|total_tokens_checked=40|enemies_detected=0|enemy_nations=
23:52:41,1,6,PHASE1_SUMMARY,total_units=0|scouts_identified=0|scouts_deployed=0|enemies_detected=0|combat_opportunities=0|threat_clusters=0
23:52:41,UNKNOWN,UNKNOWN,SCOUT_IDENTIFICATION,total_units=0|scouts_found=0|scout_ids=
23:52:41,UNKNOWN,UNKNOWN,ENEMY_DETECTION,vision_positions=0|total_tokens_checked=40|enemies_detected=0|enemy_nations=
23:52:41,1,6,PHASE1_SUMMARY,total_units=0|scouts_identified=0|scouts_deployed=0|enemies_detected=0|combat_opportunities=0|threat_clusters=0
23:52:41,1,6,PHASE2_SUMMARY,active_plans=0|new_plans=0|executed_plans=0|aborted_plans=0
23:52:41,1,6,TURN_START,player_nation=Niemcy|total_units=0|available_units=0
23:52:41,1,6,PHASE3_SUMMARY,defenders_assigned=0|kps_covered=0|pe_secure=True|threat_level=0.0|active_plans=0
23:52:41,UNKNOWN,6,PHASE_4_COMPLETE,request_generated=False|urgency=NONE|requirements=0|priority_areas=
23:52:42,1,2,TURN_START,player_nation=Polska|total_tokens=0|captured_kps=0
23:52:42,1,2,VP_INTELLIGENCE,"vp_status={'vp_own': 0, 'vp_enemy': 0, 'vp_gap': 0, 'turn': 1, 'max_turns': 30}|trend_direction=STABLE|threat_level=LOW|opportunities_count=0|recommendations_count=0"
23:52:42,UNKNOWN,UNKNOWN,SCOUT_IDENTIFICATION,total_units=0|scouts_found=0|scout_ids=
23:52:42,UNKNOWN,UNKNOWN,ENEMY_DETECTION,vision_positions=0|total_tokens_checked=40|enemies_detected=0|enemy_nations=
23:52:42,1,2,PHASE1_SUMMARY,total_units=0|scouts_identified=0|scouts_deployed=0|enemies_detected=0|combat_opportunities=0|threat_clusters=0
23:52:42,UNKNOWN,UNKNOWN,SCOUT_IDENTIFICATION,total_units=0|scouts_found=0|scout_ids=
23:52:42,UNKNOWN,UNKNOWN,ENEMY_DETECTION,vision_positions=0|total_tokens_checked=40|enemies_detected=0|enemy_nations=
23:52:42,1,2,PHASE1_SUMMARY,total_units=0|scouts_identified=0|scouts_deployed=0|enemies_detected=0|combat_opportunities=0|threat_clusters=0
23:52:42,1,2,PHASE2_SUMMARY,active_plans=0|new_plans=0|executed_plans=0|aborted_plans=0
23:52:42,1,2,TURN_START,player_nation=Polska|total_units=0|available_units=0
23:52:42,1,2,PHASE3_SUMMARY,defenders_assigned=0|kps_covered=0|pe_secure=True|threat_level=0.0|active_plans=0
23:52:42,UNKNOWN,UNKNOWN,SCOUT_IDENTIFICATION,total_units=0|scouts_found=0|scout_ids=
23:52:42,UNKNOWN,UNKNOWN,ENEMY_DETECTION,vision_positions=0|total_tokens_checked=40|enemies_detected=0|enemy_nations=
23:52:42,1,2,PHASE1_SUMMARY,total_units=0|scouts_identified=0|scouts_deployed=0|enemies_detected=0|combat_opportunities=0|threat_clusters=0
23:52:42,UNKNOWN,UNKNOWN,SCOUT_IDENTIFICATION,total_units=0|scouts_found=0|scout_ids=
23:52:42,UNKNOWN,UNKNOWN,ENEMY_DETECTION,vision_positions=0|total_tokens_checked=40|enemies_detected=0|enemy_nations=
23:52:42,1,2,PHASE1_SUMMARY,total_units=0|scouts_identified=0|scouts_deployed=0|enemies_detected=0|combat_opportunities=0|threat_clusters=0
23:52:42,1,2,PHASE2_SUMMARY,active_plans=0|new_plans=0|executed_plans=0|aborted_plans=0
23:52:42,1,2,TURN_START,player_nation=Polska|total_units=0|available_units=0
23:52:42,1,2,PHASE3_SUMMARY,defenders_assigned=0|kps_covered=0|pe_secure=True|threat_level=0.0|active_plans=0
23:52:42,UNKNOWN,2,PHASE_4_COMPLETE,request_generated=False|urgency=NONE|requirements=0|priority_areas=
23:52:43,1,3,TURN_START,player_nation=Polska|total_tokens=0|captured_kps=0
23:52:43,1,3,VP_INTELLIGENCE,"vp_status={'vp_own': 0, 'vp_enemy': 0, 'vp_gap': 0, 'turn': 1, 'max_turns': 30}|trend_direction=STABLE|threat_level=LOW|opportunities_count=0|recommendations_count=0"
23:52:43,UNKNOWN,UNKNOWN,SCOUT_IDENTIFICATION,total_units=0|scouts_found=0|scout_ids=
23:52:43,UNKNOWN,UNKNOWN,ENEMY_DETECTION,vision_positions=0|total_tokens_checked=40|enemies_detected=0|enemy_nations=
23:52:43,1,3,PHASE1_SUMMARY,total_units=0|scouts_identified=0|scouts_deployed=0|enemies_detected=0|combat_opportunities=0|threat_clusters=0
23:52:43,UNKNOWN,UNKNOWN,SCOUT_IDENTIFICATION,total_units=0|scouts_found=0|scout_ids=
23:52:43,UNKNOWN,UNKNOWN,ENEMY_DETECTION,vision_positions=0|total_tokens_checked=40|enemies_detected=0|enemy_nations=
23:52:43,1,3,PHASE1_SUMMARY,total_units=0|scouts_identified=0|scouts_deployed=0|enemies_detected=0|combat_opportunities=0|threat_clusters=0
23:52:43,1,3,PHASE2_SUMMARY,active_plans=0|new_plans=0|executed_plans=0|aborted_plans=0
23:52:43,1,3,TURN_START,player_nation=Polska|total_units=0|available_units=0
23:52:43,1,3,PHASE3_SUMMARY,defenders_assigned=0|kps_covered=0|pe_secure=True|threat_level=0.0|active_plans=0
23:52:43,UNKNOWN,UNKNOWN,SCOUT_IDENTIFICATION,total_units=0|scouts_found=0|scout_ids=
23:52:43,UNKNOWN,UNKNOWN,ENEMY_DETECTION,vision_positions=0|total_tokens_checked=40|enemies_detected=0|enemy_nations=
23:52:43,1,3,PHASE1_SUMMARY,total_units=0|scouts_identified=0|scouts_deployed=0|enemies_detected=0|combat_opportunities=0|threat_clusters=0
23:52:43,UNKNOWN,UNKNOWN,SCOUT_IDENTIFICATION,total_units=0|scouts_found=0|scout_ids=
23:52:43,UNKNOWN,UNKNOWN,ENEMY_DETECTION,vision_positions=0|total_tokens_checked=40|enemies_detected=0|enemy_nations=
23:52:43,1,3,PHASE1_SUMMARY,total_units=0|scouts_identified=0|scouts_deployed=0|enemies_detected=0|combat_opportunities=0|threat_clusters=0
23:52:43,1,3,PHASE2_SUMMARY,active_plans=0|new_plans=0|executed_plans=0|aborted_plans=0
23:52:43,1,3,TURN_START,player_nation=Polska|total_units=0|available_units=0
23:52:43,1,3,PHASE3_SUMMARY,defenders_assigned=0|kps_covered=0|pe_secure=True|threat_level=0.0|active_plans=0
23:52:43,UNKNOWN,3,PHASE_4_COMPLETE,request_generated=False|urgency=NONE|requirements=0|priority_areas=
23:52:45,1,5,TURN_START,player_nation=Niemcy|total_tokens=0|captured_kps=0
23:52:45,1,5,VP_INTELLIGENCE,"vp_status={'vp_own': 0, 'vp_enemy': 0, 'vp_gap': 0, 'turn': 1, 'max_turns': 30}|trend_direction=STABLE|threat_level=LOW|opportunities_count=0|recommendations_count=0"
23:52:45,UNKNOWN,UNKNOWN,SCOUT_IDENTIFICATION,total_units=0|scouts_found=0|scout_ids=
23:52:45,UNKNOWN,UNKNOWN,ENEMY_DETECTION,vision_positions=0|total_tokens_checked=40|enemies_detected=0|enemy_nations=
23:52:45,1,5,PHASE1_SUMMARY,total_units=0|scouts_identified=0|scouts_deployed=0|enemies_detected=0|combat_opportunities=0|threat_clusters=0
23:52:45,UNKNOWN,UNKNOWN,SCOUT_IDENTIFICATION,total_units=0|scouts_found=0|scout_ids=
23:52:45,UNKNOWN,UNKNOWN,ENEMY_DETECTION,vision_positions=0|total_tokens_checked=40|enemies_detected=0|enemy_nations=
23:52:45,1,5,PHASE1_SUMMARY,total_units=0|scouts_identified=0|scouts_deployed=0|enemies_detected=0|combat_opportunities=0|threat_clusters=0
23:52:45,1,5,PHASE2_SUMMARY,active_plans=0|new_plans=0|executed_plans=0|aborted_plans=0
23:52:45,1,5,TURN_START,player_nation=Niemcy|total_units=0|available_units=0
23:52:45,1,5,PHASE3_SUMMARY,defenders_assigned=0|kps_covered=0|pe_secure=True|threat_level=0.0|active_plans=0
23:52:45,UNKNOWN,UNKNOWN,SCOUT_IDENTIFICATION,total_units=0|scouts_found=0|scout_ids=
23:52:45,UNKNOWN,UNKNOWN,ENEMY_DETECTION,vision_positions=0|total_tokens_checked=40|enemies_detected=0|enemy_nations=
23:52:45,1,5,PHASE1_SUMMARY,total_units=0|scouts_identified=0|scouts_deployed=0|enemies_detected=0|combat_opportunities=0|threat_clusters=0
23:52:45,UNKNOWN,UNKNOWN,SCOUT_IDENTIFICATION,total_units=0|scouts_found=0|scout_ids=
23:52:45,UNKNOWN,UNKNOWN,ENEMY_DETECTION,vision_positions=0|total_tokens_checked=40|enemies_detected=0|enemy_nations=
23:52:45,1,5,PHASE1_SUMMARY,total_units=0|scouts_identified=0|scouts_deployed=0|enemies_detected=0|combat_opportunities=0|threat_clusters=0
23:52:45,1,5,PHASE2_SUMMARY,active_plans=0|new_plans=0|executed_plans=0|aborted_plans=0
23:52:45,1,5,TURN_START,player_nation=Niemcy|total_units=0|available_units=0
23:52:45,1,5,PHASE3_SUMMARY,defenders_assigned=0|kps_covered=0|pe_secure=True|threat_level=0.0|active_plans=0
23:52:45,UNKNOWN,5,PHASE_4_COMPLETE,request_generated=False|urgency=NONE|requirements=0|priority_areas=
23:52:47,1,6,TURN_START,player_nation=Niemcy|total_tokens=0|captured_kps=0
23:52:47,1,6,VP_INTELLIGENCE,"vp_status={'vp_own': 0, 'vp_enemy': 0, 'vp_gap': 0, 'turn': 1, 'max_turns': 30}|trend_direction=STABLE|threat_level=LOW|opportunities_count=0|recommendations_count=0"
23:52:47,UNKNOWN,UNKNOWN,SCOUT_IDENTIFICATION,total_units=0|scouts_found=0|scout_ids=
23:52:47,UNKNOWN,UNKNOWN,ENEMY_DETECTION,vision_positions=0|total_tokens_checked=40|enemies_detected=0|enemy_nations=
23:52:47,1,6,PHASE1_SUMMARY,total_units=0|scouts_identified=0|scouts_deployed=0|enemies_detected=0|combat_opportunities=0|threat_clusters=0
23:52:47,UNKNOWN,UNKNOWN,SCOUT_IDENTIFICATION,total_units=0|scouts_found=0|scout_ids=
23:52:47,UNKNOWN,UNKNOWN,ENEMY_DETECTION,vision_positions=0|total_tokens_checked=40|enemies_detected=0|enemy_nations=
23:52:47,1,6,PHASE1_SUMMARY,total_units=0|scouts_identified=0|scouts_deployed=0|enemies_detected=0|combat_opportunities=0|threat_clusters=0
23:52:47,1,6,PHASE2_SUMMARY,active_plans=0|new_plans=0|executed_plans=0|aborted_plans=0
23:52:47,1,6,TURN_START,player_nation=Niemcy|total_units=0|available_units=0
23:52:47,1,6,PHASE3_SUMMARY,defenders_assigned=0|kps_covered=0|pe_secure=True|threat_level=0.0|active_plans=0
23:52:47,UNKNOWN,UNKNOWN,SCOUT_IDENTIFICATION,total_units=0|scouts_found=0|scout_ids=
23:52:47,UNKNOWN,UNKNOWN,ENEMY_DETECTION,vision_positions=0|total_tokens_checked=40|enemies_detected=0|enemy_nations=
23:52:47,1,6,PHASE1_SUMMARY,total_units=0|scouts_identified=0|scouts_deployed=0|enemies_detected=0|combat_opportunities=0|threat_clusters=0
23:52:47,UNKNOWN,UNKNOWN,SCOUT_IDENTIFICATION,total_units=0|scouts_found=0|scout_ids=
23:52:47,UNKNOWN,UNKNOWN,ENEMY_DETECTION,vision_positions=0|total_tokens_checked=40|enemies_detected=0|enemy_nations=
23:52:47,1,6,PHASE1_SUMMARY,total_units=0|scouts_identified=0|scouts_deployed=0|enemies_detected=0|combat_opportunities=0|threat_clusters=0
23:52:47,1,6,PHASE2_SUMMARY,active_plans=0|new_plans=0|executed_plans=0|aborted_plans=0
23:52:47,1,6,TURN_START,player_nation=Niemcy|total_units=0|available_units=0
23:52:47,1,6,PHASE3_SUMMARY,defenders_assigned=0|kps_covered=0|pe_secure=True|threat_level=0.0|active_plans=0
23:52:47,UNKNOWN,6,PHASE_4_COMPLETE,request_generated=False|urgency=NONE|requirements=0|priority_areas=
23:52:49,1,2,TURN_START,player_nation=Polska|total_tokens=0|captured_kps=0
23:52:49,1,2,VP_INTELLIGENCE,"vp_status={'vp_own': 0, 'vp_enemy': 0, 'vp_gap': 0, 'turn': 1, 'max_turns': 30}|trend_direction=STABLE|threat_level=LOW|opportunities_count=0|recommendations_count=0"
23:52:49,UNKNOWN,UNKNOWN,SCOUT_IDENTIFICATION,total_units=0|scouts_found=0|scout_ids=
23:52:49,UNKNOWN,UNKNOWN,ENEMY_DETECTION,vision_positions=0|total_tokens_checked=40|enemies_detected=0|enemy_nations=
23:52:49,1,2,PHASE1_SUMMARY,total_units=0|scouts_identified=0|scouts_deployed=0|enemies_detected=0|combat_opportunities=0|threat_clusters=0
23:52:49,UNKNOWN,UNKNOWN,SCOUT_IDENTIFICATION,total_units=0|scouts_found=0|scout_ids=
23:52:49,UNKNOWN,UNKNOWN,ENEMY_DETECTION,vision_positions=0|total_tokens_checked=40|enemies_detected=0|enemy_nations=
23:52:49,1,2,PHASE1_SUMMARY,total_units=0|scouts_identified=0|scouts_deployed=0|enemies_detected=0|combat_opportunities=0|threat_clusters=0
23:52:49,1,2,PHASE2_SUMMARY,active_plans=0|new_plans=0|executed_plans=0|aborted_plans=0
23:52:49,1,2,TURN_START,player_nation=Polska|total_units=0|available_units=0
23:52:49,1,2,PHASE3_SUMMARY,defenders_assigned=0|kps_covered=0|pe_secure=True|threat_level=0.0|active_plans=0
23:52:49,UNKNOWN,UNKNOWN,SCOUT_IDENTIFICATION,total_units=0|scouts_found=0|scout_ids=
23:52:49,UNKNOWN,UNKNOWN,ENEMY_DETECTION,vision_positions=0|total_tokens_checked=40|enemies_detected=0|enemy_nations=
23:52:49,1,2,PHASE1_SUMMARY,total_units=0|scouts_identified=0|scouts_deployed=0|enemies_detected=0|combat_opportunities=0|threat_clusters=0
23:52:49,UNKNOWN,UNKNOWN,SCOUT_IDENTIFICATION,total_units=0|scouts_found=0|scout_ids=
23:52:49,UNKNOWN,UNKNOWN,ENEMY_DETECTION,vision_positions=0|total_tokens_checked=40|enemies_detected=0|enemy_nations=
23:52:49,1,2,PHASE1_SUMMARY,total_units=0|scouts_identified=0|scouts_deployed=0|enemies_detected=0|combat_opportunities=0|threat_clusters=0
23:52:49,1,2,PHASE2_SUMMARY,active_plans=0|new_plans=0|executed_plans=0|aborted_plans=0
23:52:49,1,2,TURN_START,player_nation=Polska|total_units=0|available_units=0
23:52:49,1,2,PHASE3_SUMMARY,defenders_assigned=0|kps_covered=0|pe_secure=True|threat_level=0.0|active_plans=0
23:52:49,UNKNOWN,2,PHASE_4_COMPLETE,request_generated=False|urgency=NONE|requirements=0|priority_areas=
23:52:50,1,3,TURN_START,player_nation=Polska|total_tokens=0|captured_kps=0
23:52:50,1,3,VP_INTELLIGENCE,"vp_status={'vp_own': 0, 'vp_enemy': 0, 'vp_gap': 0, 'turn': 1, 'max_turns': 30}|trend_direction=STABLE|threat_level=LOW|opportunities_count=0|recommendations_count=0"
23:52:50,UNKNOWN,UNKNOWN,SCOUT_IDENTIFICATION,total_units=0|scouts_found=0|scout_ids=
23:52:50,UNKNOWN,UNKNOWN,ENEMY_DETECTION,vision_positions=0|total_tokens_checked=40|enemies_detected=0|enemy_nations=
23:52:50,1,3,PHASE1_SUMMARY,total_units=0|scouts_identified=0|scouts_deployed=0|enemies_detected=0|combat_opportunities=0|threat_clusters=0
23:52:50,UNKNOWN,UNKNOWN,SCOUT_IDENTIFICATION,total_units=0|scouts_found=0|scout_ids=
23:52:50,UNKNOWN,UNKNOWN,ENEMY_DETECTION,vision_positions=0|total_tokens_checked=40|enemies_detected=0|enemy_nations=
23:52:50,1,3,PHASE1_SUMMARY,total_units=0|scouts_identified=0|scouts_deployed=0|enemies_detected=0|combat_opportunities=0|threat_clusters=0
23:52:50,1,3,PHASE2_SUMMARY,active_plans=0|new_plans=0|executed_plans=0|aborted_plans=0
23:52:50,1,3,TURN_START,player_nation=Polska|total_units=0|available_units=0
23:52:50,1,3,PHASE3_SUMMARY,defenders_assigned=0|kps_covered=0|pe_secure=True|threat_level=0.0|active_plans=0
23:52:50,UNKNOWN,UNKNOWN,SCOUT_IDENTIFICATION,total_units=0|scouts_found=0|scout_ids=
23:52:50,UNKNOWN,UNKNOWN,ENEMY_DETECTION,vision_positions=0|total_tokens_checked=40|enemies_detected=0|enemy_nations=
23:52:50,1,3,PHASE1_SUMMARY,total_units=0|scouts_identified=0|scouts_deployed=0|enemies_detected=0|combat_opportunities=0|threat_clusters=0
23:52:50,UNKNOWN,UNKNOWN,SCOUT_IDENTIFICATION,total_units=0|scouts_found=0|scout_ids=
23:52:50,UNKNOWN,UNKNOWN,ENEMY_DETECTION,vision_positions=0|total_tokens_checked=40|enemies_detected=0|enemy_nations=
23:52:50,1,3,PHASE1_SUMMARY,total_units=0|scouts_identified=0|scouts_deployed=0|enemies_detected=0|combat_opportunities=0|threat_clusters=0
23:52:50,1,3,PHASE2_SUMMARY,active_plans=0|new_plans=0|executed_plans=0|aborted_plans=0
23:52:50,1,3,TURN_START,player_nation=Polska|total_units=0|available_units=0
23:52:50,1,3,PHASE3_SUMMARY,defenders_assigned=0|kps_covered=0|pe_secure=True|threat_level=0.0|active_plans=0
23:52:50,UNKNOWN,3,PHASE_4_COMPLETE,request_generated=False|urgency=NONE|requirements=0|priority_areas=
23:52:52,1,5,TURN_START,player_nation=Niemcy|total_tokens=0|captured_kps=0
23:52:52,1,5,VP_INTELLIGENCE,"vp_status={'vp_own': 0, 'vp_enemy': 0, 'vp_gap': 0, 'turn': 1, 'max_turns': 30}|trend_direction=STABLE|threat_level=LOW|opportunities_count=0|recommendations_count=0"
23:52:52,UNKNOWN,UNKNOWN,SCOUT_IDENTIFICATION,total_units=0|scouts_found=0|scout_ids=
23:52:52,UNKNOWN,UNKNOWN,ENEMY_DETECTION,vision_positions=0|total_tokens_checked=39|enemies_detected=0|enemy_nations=
23:52:52,1,5,PHASE1_SUMMARY,total_units=0|scouts_identified=0|scouts_deployed=0|enemies_detected=0|combat_opportunities=0|threat_clusters=0
23:52:52,UNKNOWN,UNKNOWN,SCOUT_IDENTIFICATION,total_units=0|scouts_found=0|scout_ids=
23:52:52,UNKNOWN,UNKNOWN,ENEMY_DETECTION,vision_positions=0|total_tokens_checked=39|enemies_detected=0|enemy_nations=
23:52:52,1,5,PHASE1_SUMMARY,total_units=0|scouts_identified=0|scouts_deployed=0|enemies_detected=0|combat_opportunities=0|threat_clusters=0
23:52:52,1,5,PHASE2_SUMMARY,active_plans=0|new_plans=0|executed_plans=0|aborted_plans=0
23:52:52,1,5,TURN_START,player_nation=Niemcy|total_units=0|available_units=0
23:52:52,1,5,PHASE3_SUMMARY,defenders_assigned=0|kps_covered=0|pe_secure=True|threat_level=0.0|active_plans=0
23:52:52,UNKNOWN,UNKNOWN,SCOUT_IDENTIFICATION,total_units=0|scouts_found=0|scout_ids=
23:52:52,UNKNOWN,UNKNOWN,ENEMY_DETECTION,vision_positions=0|total_tokens_checked=39|enemies_detected=0|enemy_nations=
23:52:52,1,5,PHASE1_SUMMARY,total_units=0|scouts_identified=0|scouts_deployed=0|enemies_detected=0|combat_opportunities=0|threat_clusters=0
23:52:52,UNKNOWN,UNKNOWN,SCOUT_IDENTIFICATION,total_units=0|scouts_found=0|scout_ids=
23:52:52,UNKNOWN,UNKNOWN,ENEMY_DETECTION,vision_positions=0|total_tokens_checked=39|enemies_detected=0|enemy_nations=
23:52:52,1,5,PHASE1_SUMMARY,total_units=0|scouts_identified=0|scouts_deployed=0|enemies_detected=0|combat_opportunities=0|threat_clusters=0
23:52:52,1,5,PHASE2_SUMMARY,active_plans=0|new_plans=0|executed_plans=0|aborted_plans=0
23:52:52,1,5,TURN_START,player_nation=Niemcy|total_units=0|available_units=0
23:52:52,1,5,PHASE3_SUMMARY,defenders_assigned=0|kps_covered=0|pe_secure=True|threat_level=0.0|active_plans=0
23:52:52,UNKNOWN,5,PHASE_4_COMPLETE,request_generated=False|urgency=NONE|requirements=0|priority_areas=
23:52:55,1,6,TURN_START,player_nation=Niemcy|total_tokens=0|captured_kps=0
23:52:55,1,6,VP_INTELLIGENCE,"vp_status={'vp_own': 0, 'vp_enemy': 0, 'vp_gap': 0, 'turn': 1, 'max_turns': 30}|trend_direction=STABLE|threat_level=LOW|opportunities_count=0|recommendations_count=0"
23:52:55,UNKNOWN,UNKNOWN,SCOUT_IDENTIFICATION,total_units=0|scouts_found=0|scout_ids=
23:52:55,UNKNOWN,UNKNOWN,ENEMY_DETECTION,vision_positions=0|total_tokens_checked=39|enemies_detected=0|enemy_nations=
23:52:55,1,6,PHASE1_SUMMARY,total_units=0|scouts_identified=0|scouts_deployed=0|enemies_detected=0|combat_opportunities=0|threat_clusters=0
23:52:55,UNKNOWN,UNKNOWN,SCOUT_IDENTIFICATION,total_units=0|scouts_found=0|scout_ids=
23:52:55,UNKNOWN,UNKNOWN,ENEMY_DETECTION,vision_positions=0|total_tokens_checked=39|enemies_detected=0|enemy_nations=
23:52:55,1,6,PHASE1_SUMMARY,total_units=0|scouts_identified=0|scouts_deployed=0|enemies_detected=0|combat_opportunities=0|threat_clusters=0
23:52:55,1,6,PHASE2_SUMMARY,active_plans=0|new_plans=0|executed_plans=0|aborted_plans=0
23:52:55,1,6,TURN_START,player_nation=Niemcy|total_units=0|available_units=0
23:52:55,1,6,PHASE3_SUMMARY,defenders_assigned=0|kps_covered=0|pe_secure=True|threat_level=0.0|active_plans=0
23:52:55,UNKNOWN,UNKNOWN,SCOUT_IDENTIFICATION,total_units=0|scouts_found=0|scout_ids=
23:52:55,UNKNOWN,UNKNOWN,ENEMY_DETECTION,vision_positions=0|total_tokens_checked=39|enemies_detected=0|enemy_nations=
23:52:55,1,6,PHASE1_SUMMARY,total_units=0|scouts_identified=0|scouts_deployed=0|enemies_detected=0|combat_opportunities=0|threat_clusters=0
23:52:55,UNKNOWN,UNKNOWN,SCOUT_IDENTIFICATION,total_units=0|scouts_found=0|scout_ids=
23:52:55,UNKNOWN,UNKNOWN,ENEMY_DETECTION,vision_positions=0|total_tokens_checked=39|enemies_detected=0|enemy_nations=
23:52:55,1,6,PHASE1_SUMMARY,total_units=0|scouts_identified=0|scouts_deployed=0|enemies_detected=0|combat_opportunities=0|threat_clusters=0
23:52:55,1,6,PHASE2_SUMMARY,active_plans=0|new_plans=0|executed_plans=0|aborted_plans=0
23:52:55,1,6,TURN_START,player_nation=Niemcy|total_units=0|available_units=0
23:52:55,1,6,PHASE3_SUMMARY,defenders_assigned=0|kps_covered=0|pe_secure=True|threat_level=0.0|active_plans=0
23:52:55,UNKNOWN,6,PHASE_4_COMPLETE,request_generated=False|urgency=NONE|requirements=0|priority_areas=
23:52:56,1,2,TURN_START,player_nation=Polska|total_tokens=0|captured_kps=0
23:52:56,1,2,VP_INTELLIGENCE,"vp_status={'vp_own': 0, 'vp_enemy': 0, 'vp_gap': 0, 'turn': 1, 'max_turns': 30}|trend_direction=STABLE|threat_level=LOW|opportunities_count=0|recommendations_count=0"
23:52:56,UNKNOWN,UNKNOWN,SCOUT_IDENTIFICATION,total_units=0|scouts_found=0|scout_ids=
23:52:56,UNKNOWN,UNKNOWN,ENEMY_DETECTION,vision_positions=0|total_tokens_checked=39|enemies_detected=0|enemy_nations=
23:52:56,1,2,PHASE1_SUMMARY,total_units=0|scouts_identified=0|scouts_deployed=0|enemies_detected=0|combat_opportunities=0|threat_clusters=0
23:52:56,UNKNOWN,UNKNOWN,SCOUT_IDENTIFICATION,total_units=0|scouts_found=0|scout_ids=
23:52:56,UNKNOWN,UNKNOWN,ENEMY_DETECTION,vision_positions=0|total_tokens_checked=39|enemies_detected=0|enemy_nations=
23:52:56,1,2,PHASE1_SUMMARY,total_units=0|scouts_identified=0|scouts_deployed=0|enemies_detected=0|combat_opportunities=0|threat_clusters=0
23:52:56,1,2,PHASE2_SUMMARY,active_plans=0|new_plans=0|executed_plans=0|aborted_plans=0
23:52:56,1,2,TURN_START,player_nation=Polska|total_units=0|available_units=0
23:52:56,1,2,PHASE3_SUMMARY,defenders_assigned=0|kps_covered=0|pe_secure=True|threat_level=0.0|active_plans=0
23:52:56,UNKNOWN,UNKNOWN,SCOUT_IDENTIFICATION,total_units=0|scouts_found=0|scout_ids=
23:52:56,UNKNOWN,UNKNOWN,ENEMY_DETECTION,vision_positions=0|total_tokens_checked=39|enemies_detected=0|enemy_nations=
23:52:56,1,2,PHASE1_SUMMARY,total_units=0|scouts_identified=0|scouts_deployed=0|enemies_detected=0|combat_opportunities=0|threat_clusters=0
23:52:56,UNKNOWN,UNKNOWN,SCOUT_IDENTIFICATION,total_units=0|scouts_found=0|scout_ids=
23:52:56,UNKNOWN,UNKNOWN,ENEMY_DETECTION,vision_positions=0|total_tokens_checked=39|enemies_detected=0|enemy_nations=
23:52:56,1,2,PHASE1_SUMMARY,total_units=0|scouts_identified=0|scouts_deployed=0|enemies_detected=0|combat_opportunities=0|threat_clusters=0
23:52:56,1,2,PHASE2_SUMMARY,active_plans=0|new_plans=0|executed_plans=0|aborted_plans=0
23:52:56,1,2,TURN_START,player_nation=Polska|total_units=0|available_units=0
23:52:56,1,2,PHASE3_SUMMARY,defenders_assigned=0|kps_covered=0|pe_secure=True|threat_level=0.0|active_plans=0
23:52:56,UNKNOWN,2,PHASE_4_COMPLETE,request_generated=False|urgency=NONE|requirements=0|priority_areas=
23:52:57,1,3,TURN_START,player_nation=Polska|total_tokens=0|captured_kps=0
23:52:57,1,3,VP_INTELLIGENCE,"vp_status={'vp_own': 0, 'vp_enemy': 0, 'vp_gap': 0, 'turn': 1, 'max_turns': 30}|trend_direction=STABLE|threat_level=LOW|opportunities_count=0|recommendations_count=0"
23:52:57,UNKNOWN,UNKNOWN,SCOUT_IDENTIFICATION,total_units=0|scouts_found=0|scout_ids=
23:52:57,UNKNOWN,UNKNOWN,ENEMY_DETECTION,vision_positions=0|total_tokens_checked=39|enemies_detected=0|enemy_nations=
23:52:57,1,3,PHASE1_SUMMARY,total_units=0|scouts_identified=0|scouts_deployed=0|enemies_detected=0|combat_opportunities=0|threat_clusters=0
23:52:57,UNKNOWN,UNKNOWN,SCOUT_IDENTIFICATION,total_units=0|scouts_found=0|scout_ids=
23:52:57,UNKNOWN,UNKNOWN,ENEMY_DETECTION,vision_positions=0|total_tokens_checked=39|enemies_detected=0|enemy_nations=
23:52:57,1,3,PHASE1_SUMMARY,total_units=0|scouts_identified=0|scouts_deployed=0|enemies_detected=0|combat_opportunities=0|threat_clusters=0
23:52:57,1,3,PHASE2_SUMMARY,active_plans=0|new_plans=0|executed_plans=0|aborted_plans=0
23:52:57,1,3,TURN_START,player_nation=Polska|total_units=0|available_units=0
23:52:57,1,3,PHASE3_SUMMARY,defenders_assigned=0|kps_covered=0|pe_secure=True|threat_level=0.0|active_plans=0
23:52:57,UNKNOWN,UNKNOWN,SCOUT_IDENTIFICATION,total_units=0|scouts_found=0|scout_ids=
23:52:57,UNKNOWN,UNKNOWN,ENEMY_DETECTION,vision_positions=0|total_tokens_checked=39|enemies_detected=0|enemy_nations=
23:52:57,1,3,PHASE1_SUMMARY,total_units=0|scouts_identified=0|scouts_deployed=0|enemies_detected=0|combat_opportunities=0|threat_clusters=0
23:52:57,UNKNOWN,UNKNOWN,SCOUT_IDENTIFICATION,total_units=0|scouts_found=0|scout_ids=
23:52:57,UNKNOWN,UNKNOWN,ENEMY_DETECTION,vision_positions=0|total_tokens_checked=39|enemies_detected=0|enemy_nations=
23:52:57,1,3,PHASE1_SUMMARY,total_units=0|scouts_identified=0|scouts_deployed=0|enemies_detected=0|combat_opportunities=0|threat_clusters=0
23:52:57,1,3,PHASE2_SUMMARY,active_plans=0|new_plans=0|executed_plans=0|aborted_plans=0
23:52:57,1,3,TURN_START,player_nation=Polska|total_units=0|available_units=0
23:52:57,1,3,PHASE3_SUMMARY,defenders_assigned=0|kps_covered=0|pe_secure=True|threat_level=0.0|active_plans=0
23:52:57,UNKNOWN,3,PHASE_4_COMPLETE,request_generated=False|urgency=NONE|requirements=0|priority_areas=
23:53:00,1,5,TURN_START,player_nation=Niemcy|total_tokens=0|captured_kps=0
23:53:00,1,5,VP_INTELLIGENCE,"vp_status={'vp_own': 0, 'vp_enemy': 0, 'vp_gap': 0, 'turn': 1, 'max_turns': 30}|trend_direction=STABLE|threat_level=LOW|opportunities_count=0|recommendations_count=0"
23:53:00,UNKNOWN,UNKNOWN,SCOUT_IDENTIFICATION,total_units=0|scouts_found=0|scout_ids=
23:53:00,UNKNOWN,UNKNOWN,ENEMY_DETECTION,vision_positions=0|total_tokens_checked=39|enemies_detected=0|enemy_nations=
23:53:00,1,5,PHASE1_SUMMARY,total_units=0|scouts_identified=0|scouts_deployed=0|enemies_detected=0|combat_opportunities=0|threat_clusters=0
23:53:00,UNKNOWN,UNKNOWN,SCOUT_IDENTIFICATION,total_units=0|scouts_found=0|scout_ids=
23:53:00,UNKNOWN,UNKNOWN,ENEMY_DETECTION,vision_positions=0|total_tokens_checked=39|enemies_detected=0|enemy_nations=
23:53:00,1,5,PHASE1_SUMMARY,total_units=0|scouts_identified=0|scouts_deployed=0|enemies_detected=0|combat_opportunities=0|threat_clusters=0
23:53:00,1,5,PHASE2_SUMMARY,active_plans=0|new_plans=0|executed_plans=0|aborted_plans=0
23:53:00,1,5,TURN_START,player_nation=Niemcy|total_units=0|available_units=0
23:53:00,1,5,PHASE3_SUMMARY,defenders_assigned=0|kps_covered=0|pe_secure=True|threat_level=0.0|active_plans=0
23:53:00,UNKNOWN,UNKNOWN,SCOUT_IDENTIFICATION,total_units=0|scouts_found=0|scout_ids=
23:53:00,UNKNOWN,UNKNOWN,ENEMY_DETECTION,vision_positions=0|total_tokens_checked=39|enemies_detected=0|enemy_nations=
23:53:00,1,5,PHASE1_SUMMARY,total_units=0|scouts_identified=0|scouts_deployed=0|enemies_detected=0|combat_opportunities=0|threat_clusters=0
23:53:00,UNKNOWN,UNKNOWN,SCOUT_IDENTIFICATION,total_units=0|scouts_found=0|scout_ids=
23:53:00,UNKNOWN,UNKNOWN,ENEMY_DETECTION,vision_positions=0|total_tokens_checked=39|enemies_detected=0|enemy_nations=
23:53:00,1,5,PHASE1_SUMMARY,total_units=0|scouts_identified=0|scouts_deployed=0|enemies_detected=0|combat_opportunities=0|threat_clusters=0
23:53:00,1,5,PHASE2_SUMMARY,active_plans=0|new_plans=0|executed_plans=0|aborted_plans=0
23:53:00,1,5,TURN_START,player_nation=Niemcy|total_units=0|available_units=0
23:53:00,1,5,PHASE3_SUMMARY,defenders_assigned=0|kps_covered=0|pe_secure=True|threat_level=0.0|active_plans=0
23:53:00,UNKNOWN,5,PHASE_4_COMPLETE,request_generated=False|urgency=NONE|requirements=0|priority_areas=
23:53:01,1,6,TURN_START,player_nation=Niemcy|total_tokens=0|captured_kps=0
23:53:01,1,6,VP_INTELLIGENCE,"vp_status={'vp_own': 0, 'vp_enemy': 0, 'vp_gap': 0, 'turn': 1, 'max_turns': 30}|trend_direction=STABLE|threat_level=LOW|opportunities_count=0|recommendations_count=0"
23:53:01,UNKNOWN,UNKNOWN,SCOUT_IDENTIFICATION,total_units=0|scouts_found=0|scout_ids=
23:53:01,UNKNOWN,UNKNOWN,ENEMY_DETECTION,vision_positions=0|total_tokens_checked=39|enemies_detected=0|enemy_nations=
23:53:01,1,6,PHASE1_SUMMARY,total_units=0|scouts_identified=0|scouts_deployed=0|enemies_detected=0|combat_opportunities=0|threat_clusters=0
23:53:01,UNKNOWN,UNKNOWN,SCOUT_IDENTIFICATION,total_units=0|scouts_found=0|scout_ids=
23:53:01,UNKNOWN,UNKNOWN,ENEMY_DETECTION,vision_positions=0|total_tokens_checked=39|enemies_detected=0|enemy_nations=
23:53:01,1,6,PHASE1_SUMMARY,total_units=0|scouts_identified=0|scouts_deployed=0|enemies_detected=0|combat_opportunities=0|threat_clusters=0
23:53:01,1,6,PHASE2_SUMMARY,active_plans=0|new_plans=0|executed_plans=0|aborted_plans=0
23:53:01,1,6,TURN_START,player_nation=Niemcy|total_units=0|available_units=0
23:53:01,1,6,PHASE3_SUMMARY,defenders_assigned=0|kps_covered=0|pe_secure=True|threat_level=0.0|active_plans=0
23:53:01,UNKNOWN,UNKNOWN,SCOUT_IDENTIFICATION,total_units=0|scouts_found=0|scout_ids=
23:53:01,UNKNOWN,UNKNOWN,ENEMY_DETECTION,vision_positions=0|total_tokens_checked=39|enemies_detected=0|enemy_nations=
23:53:01,1,6,PHASE1_SUMMARY,total_units=0|scouts_identified=0|scouts_deployed=0|enemies_detected=0|combat_opportunities=0|threat_clusters=0
23:53:01,UNKNOWN,UNKNOWN,SCOUT_IDENTIFICATION,total_units=0|scouts_found=0|scout_ids=
23:53:01,UNKNOWN,UNKNOWN,ENEMY_DETECTION,vision_positions=0|total_tokens_checked=39|enemies_detected=0|enemy_nations=
23:53:01,1,6,PHASE1_SUMMARY,total_units=0|scouts_identified=0|scouts_deployed=0|enemies_detected=0|combat_opportunities=0|threat_clusters=0
23:53:01,1,6,PHASE2_SUMMARY,active_plans=0|new_plans=0|executed_plans=0|aborted_plans=0
23:53:01,1,6,TURN_START,player_nation=Niemcy|total_units=0|available_units=0
23:53:01,1,6,PHASE3_SUMMARY,defenders_assigned=0|kps_covered=0|pe_secure=True|threat_level=0.0|active_plans=0
23:53:01,UNKNOWN,6,PHASE_4_COMPLETE,request_generated=False|urgency=NONE|requirements=0|priority_areas=
23:53:02,1,2,TURN_START,player_nation=Polska|total_tokens=0|captured_kps=0
23:53:02,1,2,VP_INTELLIGENCE,"vp_status={'vp_own': 0, 'vp_enemy': 0, 'vp_gap': 0, 'turn': 1, 'max_turns': 30}|trend_direction=STABLE|threat_level=LOW|opportunities_count=0|recommendations_count=0"
23:53:02,UNKNOWN,UNKNOWN,SCOUT_IDENTIFICATION,total_units=0|scouts_found=0|scout_ids=
23:53:02,UNKNOWN,UNKNOWN,ENEMY_DETECTION,vision_positions=0|total_tokens_checked=39|enemies_detected=0|enemy_nations=
23:53:02,1,2,PHASE1_SUMMARY,total_units=0|scouts_identified=0|scouts_deployed=0|enemies_detected=0|combat_opportunities=0|threat_clusters=0
23:53:02,UNKNOWN,UNKNOWN,SCOUT_IDENTIFICATION,total_units=0|scouts_found=0|scout_ids=
23:53:02,UNKNOWN,UNKNOWN,ENEMY_DETECTION,vision_positions=0|total_tokens_checked=39|enemies_detected=0|enemy_nations=
23:53:02,1,2,PHASE1_SUMMARY,total_units=0|scouts_identified=0|scouts_deployed=0|enemies_detected=0|combat_opportunities=0|threat_clusters=0
23:53:02,1,2,PHASE2_SUMMARY,active_plans=0|new_plans=0|executed_plans=0|aborted_plans=0
23:53:02,1,2,TURN_START,player_nation=Polska|total_units=0|available_units=0
23:53:02,1,2,PHASE3_SUMMARY,defenders_assigned=0|kps_covered=0|pe_secure=True|threat_level=0.0|active_plans=0
23:53:02,UNKNOWN,UNKNOWN,SCOUT_IDENTIFICATION,total_units=0|scouts_found=0|scout_ids=
23:53:02,UNKNOWN,UNKNOWN,ENEMY_DETECTION,vision_positions=0|total_tokens_checked=39|enemies_detected=0|enemy_nations=
23:53:02,1,2,PHASE1_SUMMARY,total_units=0|scouts_identified=0|scouts_deployed=0|enemies_detected=0|combat_opportunities=0|threat_clusters=0
23:53:02,UNKNOWN,UNKNOWN,SCOUT_IDENTIFICATION,total_units=0|scouts_found=0|scout_ids=
23:53:02,UNKNOWN,UNKNOWN,ENEMY_DETECTION,vision_positions=0|total_tokens_checked=39|enemies_detected=0|enemy_nations=
23:53:02,1,2,PHASE1_SUMMARY,total_units=0|scouts_identified=0|scouts_deployed=0|enemies_detected=0|combat_opportunities=0|threat_clusters=0
23:53:02,1,2,PHASE2_SUMMARY,active_plans=0|new_plans=0|executed_plans=0|aborted_plans=0
23:53:02,1,2,TURN_START,player_nation=Polska|total_units=0|available_units=0
23:53:02,1,2,PHASE3_SUMMARY,defenders_assigned=0|kps_covered=0|pe_secure=True|threat_level=0.0|active_plans=0
23:53:02,UNKNOWN,2,PHASE_4_COMPLETE,request_generated=False|urgency=NONE|requirements=0|priority_areas=
23:53:03,1,3,TURN_START,player_nation=Polska|total_tokens=0|captured_kps=0
23:53:03,1,3,VP_INTELLIGENCE,"vp_status={'vp_own': 0, 'vp_enemy': 0, 'vp_gap': 0, 'turn': 1, 'max_turns': 30}|trend_direction=STABLE|threat_level=LOW|opportunities_count=0|recommendations_count=0"
23:53:03,UNKNOWN,UNKNOWN,SCOUT_IDENTIFICATION,total_units=0|scouts_found=0|scout_ids=
23:53:03,UNKNOWN,UNKNOWN,ENEMY_DETECTION,vision_positions=0|total_tokens_checked=39|enemies_detected=0|enemy_nations=
23:53:03,1,3,PHASE1_SUMMARY,total_units=0|scouts_identified=0|scouts_deployed=0|enemies_detected=0|combat_opportunities=0|threat_clusters=0
23:53:03,UNKNOWN,UNKNOWN,SCOUT_IDENTIFICATION,total_units=0|scouts_found=0|scout_ids=
23:53:03,UNKNOWN,UNKNOWN,ENEMY_DETECTION,vision_positions=0|total_tokens_checked=39|enemies_detected=0|enemy_nations=
23:53:03,1,3,PHASE1_SUMMARY,total_units=0|scouts_identified=0|scouts_deployed=0|enemies_detected=0|combat_opportunities=0|threat_clusters=0
23:53:03,1,3,PHASE2_SUMMARY,active_plans=0|new_plans=0|executed_plans=0|aborted_plans=0
23:53:03,1,3,TURN_START,player_nation=Polska|total_units=0|available_units=0
23:53:03,1,3,PHASE3_SUMMARY,defenders_assigned=0|kps_covered=0|pe_secure=True|threat_level=0.0|active_plans=0
23:53:03,UNKNOWN,UNKNOWN,SCOUT_IDENTIFICATION,total_units=0|scouts_found=0|scout_ids=
23:53:03,UNKNOWN,UNKNOWN,ENEMY_DETECTION,vision_positions=0|total_tokens_checked=39|enemies_detected=0|enemy_nations=
23:53:03,1,3,PHASE1_SUMMARY,total_units=0|scouts_identified=0|scouts_deployed=0|enemies_detected=0|combat_opportunities=0|threat_clusters=0
23:53:03,UNKNOWN,UNKNOWN,SCOUT_IDENTIFICATION,total_units=0|scouts_found=0|scout_ids=
23:53:03,UNKNOWN,UNKNOWN,ENEMY_DETECTION,vision_positions=0|total_tokens_checked=39|enemies_detected=0|enemy_nations=
23:53:03,1,3,PHASE1_SUMMARY,total_units=0|scouts_identified=0|scouts_deployed=0|enemies_detected=0|combat_opportunities=0|threat_clusters=0
23:53:03,1,3,PHASE2_SUMMARY,active_plans=0|new_plans=0|executed_plans=0|aborted_plans=0
23:53:03,1,3,TURN_START,player_nation=Polska|total_units=0|available_units=0
23:53:03,1,3,PHASE3_SUMMARY,defenders_assigned=0|kps_covered=0|pe_secure=True|threat_level=0.0|active_plans=0
23:53:03,UNKNOWN,3,PHASE_4_COMPLETE,request_generated=False|urgency=NONE|requirements=0|priority_areas=
23:53:05,1,5,TURN_START,player_nation=Niemcy|total_tokens=0|captured_kps=0
23:53:05,1,5,VP_INTELLIGENCE,"vp_status={'vp_own': 0, 'vp_enemy': 0, 'vp_gap': 0, 'turn': 1, 'max_turns': 30}|trend_direction=STABLE|threat_level=LOW|opportunities_count=0|recommendations_count=0"
23:53:05,UNKNOWN,UNKNOWN,SCOUT_IDENTIFICATION,total_units=0|scouts_found=0|scout_ids=
23:53:05,UNKNOWN,UNKNOWN,ENEMY_DETECTION,vision_positions=0|total_tokens_checked=39|enemies_detected=0|enemy_nations=
23:53:05,1,5,PHASE1_SUMMARY,total_units=0|scouts_identified=0|scouts_deployed=0|enemies_detected=0|combat_opportunities=0|threat_clusters=0
23:53:05,UNKNOWN,UNKNOWN,SCOUT_IDENTIFICATION,total_units=0|scouts_found=0|scout_ids=
23:53:05,UNKNOWN,UNKNOWN,ENEMY_DETECTION,vision_positions=0|total_tokens_checked=39|enemies_detected=0|enemy_nations=
23:53:05,1,5,PHASE1_SUMMARY,total_units=0|scouts_identified=0|scouts_deployed=0|enemies_detected=0|combat_opportunities=0|threat_clusters=0
23:53:05,1,5,PHASE2_SUMMARY,active_plans=0|new_plans=0|executed_plans=0|aborted_plans=0
23:53:05,1,5,TURN_START,player_nation=Niemcy|total_units=0|available_units=0
23:53:05,1,5,PHASE3_SUMMARY,defenders_assigned=0|kps_covered=0|pe_secure=True|threat_level=0.0|active_plans=0
23:53:05,UNKNOWN,UNKNOWN,SCOUT_IDENTIFICATION,total_units=0|scouts_found=0|scout_ids=
23:53:05,UNKNOWN,UNKNOWN,ENEMY_DETECTION,vision_positions=0|total_tokens_checked=39|enemies_detected=0|enemy_nations=
23:53:05,1,5,PHASE1_SUMMARY,total_units=0|scouts_identified=0|scouts_deployed=0|enemies_detected=0|combat_opportunities=0|threat_clusters=0
23:53:05,UNKNOWN,UNKNOWN,SCOUT_IDENTIFICATION,total_units=0|scouts_found=0|scout_ids=
23:53:05,UNKNOWN,UNKNOWN,ENEMY_DETECTION,vision_positions=0|total_tokens_checked=39|enemies_detected=0|enemy_nations=
23:53:05,1,5,PHASE1_SUMMARY,total_units=0|scouts_identified=0|scouts_deployed=0|enemies_detected=0|combat_opportunities=0|threat_clusters=0
23:53:05,1,5,PHASE2_SUMMARY,active_plans=0|new_plans=0|executed_plans=0|aborted_plans=0
23:53:05,1,5,TURN_START,player_nation=Niemcy|total_units=0|available_units=0
23:53:05,1,5,PHASE3_SUMMARY,defenders_assigned=0|kps_covered=0|pe_secure=True|threat_level=0.0|active_plans=0
23:53:05,UNKNOWN,5,PHASE_4_COMPLETE,request_generated=False|urgency=NONE|requirements=0|priority_areas=
23:53:07,1,6,TURN_START,player_nation=Niemcy|total_tokens=0|captured_kps=0
23:53:07,1,6,VP_INTELLIGENCE,"vp_status={'vp_own': 0, 'vp_enemy': 0, 'vp_gap': 0, 'turn': 1, 'max_turns': 30}|trend_direction=STABLE|threat_level=LOW|opportunities_count=0|recommendations_count=0"
23:53:07,UNKNOWN,UNKNOWN,SCOUT_IDENTIFICATION,total_units=0|scouts_found=0|scout_ids=
23:53:07,UNKNOWN,UNKNOWN,ENEMY_DETECTION,vision_positions=0|total_tokens_checked=39|enemies_detected=0|enemy_nations=
23:53:07,1,6,PHASE1_SUMMARY,total_units=0|scouts_identified=0|scouts_deployed=0|enemies_detected=0|combat_opportunities=0|threat_clusters=0
23:53:07,UNKNOWN,UNKNOWN,SCOUT_IDENTIFICATION,total_units=0|scouts_found=0|scout_ids=
23:53:07,UNKNOWN,UNKNOWN,ENEMY_DETECTION,vision_positions=0|total_tokens_checked=39|enemies_detected=0|enemy_nations=
23:53:07,1,6,PHASE1_SUMMARY,total_units=0|scouts_identified=0|scouts_deployed=0|enemies_detected=0|combat_opportunities=0|threat_clusters=0
23:53:07,1,6,PHASE2_SUMMARY,active_plans=0|new_plans=0|executed_plans=0|aborted_plans=0
23:53:07,1,6,TURN_START,player_nation=Niemcy|total_units=0|available_units=0
23:53:07,1,6,PHASE3_SUMMARY,defenders_assigned=0|kps_covered=0|pe_secure=True|threat_level=0.0|active_plans=0
23:53:07,UNKNOWN,UNKNOWN,SCOUT_IDENTIFICATION,total_units=0|scouts_found=0|scout_ids=
23:53:07,UNKNOWN,UNKNOWN,ENEMY_DETECTION,vision_positions=0|total_tokens_checked=39|enemies_detected=0|enemy_nations=
23:53:07,1,6,PHASE1_SUMMARY,total_units=0|scouts_identified=0|scouts_deployed=0|enemies_detected=0|combat_opportunities=0|threat_clusters=0
23:53:07,UNKNOWN,UNKNOWN,SCOUT_IDENTIFICATION,total_units=0|scouts_found=0|scout_ids=
23:53:07,UNKNOWN,UNKNOWN,ENEMY_DETECTION,vision_positions=0|total_tokens_checked=39|enemies_detected=0|enemy_nations=
23:53:07,1,6,PHASE1_SUMMARY,total_units=0|scouts_identified=0|scouts_deployed=0|enemies_detected=0|combat_opportunities=0|threat_clusters=0
23:53:07,1,6,PHASE2_SUMMARY,active_plans=0|new_plans=0|executed_plans=0|aborted_plans=0
23:53:07,1,6,TURN_START,player_nation=Niemcy|total_units=0|available_units=0
23:53:07,1,6,PHASE3_SUMMARY,defenders_assigned=0|kps_covered=0|pe_secure=True|threat_level=0.0|active_plans=0
23:53:07,UNKNOWN,6,PHASE_4_COMPLETE,request_generated=False|urgency=NONE|requirements=0|priority_areas=
23:53:08,1,2,TURN_START,player_nation=Polska|total_tokens=0|captured_kps=0
23:53:08,1,2,VP_INTELLIGENCE,"vp_status={'vp_own': 0, 'vp_enemy': 0, 'vp_gap': 0, 'turn': 1, 'max_turns': 30}|trend_direction=STABLE|threat_level=LOW|opportunities_count=0|recommendations_count=0"
23:53:08,UNKNOWN,UNKNOWN,SCOUT_IDENTIFICATION,total_units=0|scouts_found=0|scout_ids=
23:53:08,UNKNOWN,UNKNOWN,ENEMY_DETECTION,vision_positions=0|total_tokens_checked=39|enemies_detected=0|enemy_nations=
23:53:08,1,2,PHASE1_SUMMARY,total_units=0|scouts_identified=0|scouts_deployed=0|enemies_detected=0|combat_opportunities=0|threat_clusters=0
23:53:08,UNKNOWN,UNKNOWN,SCOUT_IDENTIFICATION,total_units=0|scouts_found=0|scout_ids=
23:53:08,UNKNOWN,UNKNOWN,ENEMY_DETECTION,vision_positions=0|total_tokens_checked=39|enemies_detected=0|enemy_nations=
23:53:08,1,2,PHASE1_SUMMARY,total_units=0|scouts_identified=0|scouts_deployed=0|enemies_detected=0|combat_opportunities=0|threat_clusters=0
23:53:08,1,2,PHASE2_SUMMARY,active_plans=0|new_plans=0|executed_plans=0|aborted_plans=0
23:53:08,1,2,TURN_START,player_nation=Polska|total_units=0|available_units=0
23:53:08,1,2,PHASE3_SUMMARY,defenders_assigned=0|kps_covered=0|pe_secure=True|threat_level=0.0|active_plans=0
23:53:08,UNKNOWN,UNKNOWN,SCOUT_IDENTIFICATION,total_units=0|scouts_found=0|scout_ids=
23:53:08,UNKNOWN,UNKNOWN,ENEMY_DETECTION,vision_positions=0|total_tokens_checked=39|enemies_detected=0|enemy_nations=
23:53:08,1,2,PHASE1_SUMMARY,total_units=0|scouts_identified=0|scouts_deployed=0|enemies_detected=0|combat_opportunities=0|threat_clusters=0
23:53:08,UNKNOWN,UNKNOWN,SCOUT_IDENTIFICATION,total_units=0|scouts_found=0|scout_ids=
23:53:08,UNKNOWN,UNKNOWN,ENEMY_DETECTION,vision_positions=0|total_tokens_checked=39|enemies_detected=0|enemy_nations=
23:53:08,1,2,PHASE1_SUMMARY,total_units=0|scouts_identified=0|scouts_deployed=0|enemies_detected=0|combat_opportunities=0|threat_clusters=0
23:53:08,1,2,PHASE2_SUMMARY,active_plans=0|new_plans=0|executed_plans=0|aborted_plans=0
23:53:08,1,2,TURN_START,player_nation=Polska|total_units=0|available_units=0
23:53:08,1,2,PHASE3_SUMMARY,defenders_assigned=0|kps_covered=0|pe_secure=True|threat_level=0.0|active_plans=0
23:53:08,UNKNOWN,2,PHASE_4_COMPLETE,request_generated=False|urgency=NONE|requirements=0|priority_areas=
23:53:09,1,3,TURN_START,player_nation=Polska|total_tokens=0|captured_kps=0
23:53:09,1,3,VP_INTELLIGENCE,"vp_status={'vp_own': 0, 'vp_enemy': 0, 'vp_gap': 0, 'turn': 1, 'max_turns': 30}|trend_direction=STABLE|threat_level=LOW|opportunities_count=0|recommendations_count=0"
23:53:09,UNKNOWN,UNKNOWN,SCOUT_IDENTIFICATION,total_units=0|scouts_found=0|scout_ids=
23:53:09,UNKNOWN,UNKNOWN,ENEMY_DETECTION,vision_positions=0|total_tokens_checked=39|enemies_detected=0|enemy_nations=
23:53:09,1,3,PHASE1_SUMMARY,total_units=0|scouts_identified=0|scouts_deployed=0|enemies_detected=0|combat_opportunities=0|threat_clusters=0
23:53:09,UNKNOWN,UNKNOWN,SCOUT_IDENTIFICATION,total_units=0|scouts_found=0|scout_ids=
23:53:09,UNKNOWN,UNKNOWN,ENEMY_DETECTION,vision_positions=0|total_tokens_checked=39|enemies_detected=0|enemy_nations=
23:53:09,1,3,PHASE1_SUMMARY,total_units=0|scouts_identified=0|scouts_deployed=0|enemies_detected=0|combat_opportunities=0|threat_clusters=0
23:53:09,1,3,PHASE2_SUMMARY,active_plans=0|new_plans=0|executed_plans=0|aborted_plans=0
23:53:09,1,3,TURN_START,player_nation=Polska|total_units=0|available_units=0
23:53:09,1,3,PHASE3_SUMMARY,defenders_assigned=0|kps_covered=0|pe_secure=True|threat_level=0.0|active_plans=0
23:53:09,UNKNOWN,UNKNOWN,SCOUT_IDENTIFICATION,total_units=0|scouts_found=0|scout_ids=
23:53:09,UNKNOWN,UNKNOWN,ENEMY_DETECTION,vision_positions=0|total_tokens_checked=39|enemies_detected=0|enemy_nations=
23:53:09,1,3,PHASE1_SUMMARY,total_units=0|scouts_identified=0|scouts_deployed=0|enemies_detected=0|combat_opportunities=0|threat_clusters=0
23:53:09,UNKNOWN,UNKNOWN,SCOUT_IDENTIFICATION,total_units=0|scouts_found=0|scout_ids=
23:53:09,UNKNOWN,UNKNOWN,ENEMY_DETECTION,vision_positions=0|total_tokens_checked=39|enemies_detected=0|enemy_nations=
23:53:09,1,3,PHASE1_SUMMARY,total_units=0|scouts_identified=0|scouts_deployed=0|enemies_detected=0|combat_opportunities=0|threat_clusters=0
23:53:09,1,3,PHASE2_SUMMARY,active_plans=0|new_plans=0|executed_plans=0|aborted_plans=0
23:53:09,1,3,TURN_START,player_nation=Polska|total_units=0|available_units=0
23:53:09,1,3,PHASE3_SUMMARY,defenders_assigned=0|kps_covered=0|pe_secure=True|threat_level=0.0|active_plans=0
23:53:09,UNKNOWN,3,PHASE_4_COMPLETE,request_generated=False|urgency=NONE|requirements=0|priority_areas=
23:53:11,1,5,TURN_START,player_nation=Niemcy|total_tokens=0|captured_kps=0
23:53:11,1,5,VP_INTELLIGENCE,"vp_status={'vp_own': 0, 'vp_enemy': 0, 'vp_gap': 0, 'turn': 1, 'max_turns': 30}|trend_direction=STABLE|threat_level=LOW|opportunities_count=0|recommendations_count=0"
23:53:11,UNKNOWN,UNKNOWN,SCOUT_IDENTIFICATION,total_units=0|scouts_found=0|scout_ids=
23:53:11,UNKNOWN,UNKNOWN,ENEMY_DETECTION,vision_positions=0|total_tokens_checked=39|enemies_detected=0|enemy_nations=
23:53:11,1,5,PHASE1_SUMMARY,total_units=0|scouts_identified=0|scouts_deployed=0|enemies_detected=0|combat_opportunities=0|threat_clusters=0
23:53:11,UNKNOWN,UNKNOWN,SCOUT_IDENTIFICATION,total_units=0|scouts_found=0|scout_ids=
23:53:11,UNKNOWN,UNKNOWN,ENEMY_DETECTION,vision_positions=0|total_tokens_checked=39|enemies_detected=0|enemy_nations=
23:53:11,1,5,PHASE1_SUMMARY,total_units=0|scouts_identified=0|scouts_deployed=0|enemies_detected=0|combat_opportunities=0|threat_clusters=0
23:53:11,1,5,PHASE2_SUMMARY,active_plans=0|new_plans=0|executed_plans=0|aborted_plans=0
23:53:11,1,5,TURN_START,player_nation=Niemcy|total_units=0|available_units=0
23:53:11,1,5,PHASE3_SUMMARY,defenders_assigned=0|kps_covered=0|pe_secure=True|threat_level=0.0|active_plans=0
23:53:11,UNKNOWN,UNKNOWN,SCOUT_IDENTIFICATION,total_units=0|scouts_found=0|scout_ids=
23:53:11,UNKNOWN,UNKNOWN,ENEMY_DETECTION,vision_positions=0|total_tokens_checked=39|enemies_detected=0|enemy_nations=
23:53:11,1,5,PHASE1_SUMMARY,total_units=0|scouts_identified=0|scouts_deployed=0|enemies_detected=0|combat_opportunities=0|threat_clusters=0
23:53:11,UNKNOWN,UNKNOWN,SCOUT_IDENTIFICATION,total_units=0|scouts_found=0|scout_ids=
23:53:11,UNKNOWN,UNKNOWN,ENEMY_DETECTION,vision_positions=0|total_tokens_checked=39|enemies_detected=0|enemy_nations=
23:53:11,1,5,PHASE1_SUMMARY,total_units=0|scouts_identified=0|scouts_deployed=0|enemies_detected=0|combat_opportunities=0|threat_clusters=0
23:53:11,1,5,PHASE2_SUMMARY,active_plans=0|new_plans=0|executed_plans=0|aborted_plans=0
23:53:11,1,5,TURN_START,player_nation=Niemcy|total_units=0|available_units=0
23:53:11,1,5,PHASE3_SUMMARY,defenders_assigned=0|kps_covered=0|pe_secure=True|threat_level=0.0|active_plans=0
23:53:11,UNKNOWN,5,PHASE_4_COMPLETE,request_generated=False|urgency=NONE|requirements=0|priority_areas=
23:53:13,1,6,TURN_START,player_nation=Niemcy|total_tokens=0|captured_kps=0
23:53:13,1,6,VP_INTELLIGENCE,"vp_status={'vp_own': 0, 'vp_enemy': 0, 'vp_gap': 0, 'turn': 1, 'max_turns': 30}|trend_direction=STABLE|threat_level=LOW|opportunities_count=0|recommendations_count=0"
23:53:13,UNKNOWN,UNKNOWN,SCOUT_IDENTIFICATION,total_units=0|scouts_found=0|scout_ids=
23:53:13,UNKNOWN,UNKNOWN,ENEMY_DETECTION,vision_positions=0|total_tokens_checked=39|enemies_detected=0|enemy_nations=
23:53:13,1,6,PHASE1_SUMMARY,total_units=0|scouts_identified=0|scouts_deployed=0|enemies_detected=0|combat_opportunities=0|threat_clusters=0
23:53:13,UNKNOWN,UNKNOWN,SCOUT_IDENTIFICATION,total_units=0|scouts_found=0|scout_ids=
23:53:13,UNKNOWN,UNKNOWN,ENEMY_DETECTION,vision_positions=0|total_tokens_checked=39|enemies_detected=0|enemy_nations=
23:53:13,1,6,PHASE1_SUMMARY,total_units=0|scouts_identified=0|scouts_deployed=0|enemies_detected=0|combat_opportunities=0|threat_clusters=0
23:53:13,1,6,PHASE2_SUMMARY,active_plans=0|new_plans=0|executed_plans=0|aborted_plans=0
23:53:13,1,6,TURN_START,player_nation=Niemcy|total_units=0|available_units=0
23:53:13,1,6,PHASE3_SUMMARY,defenders_assigned=0|kps_covered=0|pe_secure=True|threat_level=0.0|active_plans=0
23:53:13,UNKNOWN,UNKNOWN,SCOUT_IDENTIFICATION,total_units=0|scouts_found=0|scout_ids=
23:53:13,UNKNOWN,UNKNOWN,ENEMY_DETECTION,vision_positions=0|total_tokens_checked=39|enemies_detected=0|enemy_nations=
23:53:13,1,6,PHASE1_SUMMARY,total_units=0|scouts_identified=0|scouts_deployed=0|enemies_detected=0|combat_opportunities=0|threat_clusters=0
23:53:13,UNKNOWN,UNKNOWN,SCOUT_IDENTIFICATION,total_units=0|scouts_found=0|scout_ids=
23:53:13,UNKNOWN,UNKNOWN,ENEMY_DETECTION,vision_positions=0|total_tokens_checked=39|enemies_detected=0|enemy_nations=
23:53:13,1,6,PHASE1_SUMMARY,total_units=0|scouts_identified=0|scouts_deployed=0|enemies_detected=0|combat_opportunities=0|threat_clusters=0
23:53:13,1,6,PHASE2_SUMMARY,active_plans=0|new_plans=0|executed_plans=0|aborted_plans=0
23:53:13,1,6,TURN_START,player_nation=Niemcy|total_units=0|available_units=0
23:53:13,1,6,PHASE3_SUMMARY,defenders_assigned=0|kps_covered=0|pe_secure=True|threat_level=0.0|active_plans=0
23:53:13,UNKNOWN,6,PHASE_4_COMPLETE,request_generated=False|urgency=NONE|requirements=0|priority_areas=
23:53:14,1,2,TURN_START,player_nation=Polska|total_tokens=0|captured_kps=0
23:53:14,1,2,VP_INTELLIGENCE,"vp_status={'vp_own': 0, 'vp_enemy': 0, 'vp_gap': 0, 'turn': 1, 'max_turns': 30}|trend_direction=STABLE|threat_level=LOW|opportunities_count=0|recommendations_count=0"
23:53:14,UNKNOWN,UNKNOWN,SCOUT_IDENTIFICATION,total_units=0|scouts_found=0|scout_ids=
23:53:14,UNKNOWN,UNKNOWN,ENEMY_DETECTION,vision_positions=0|total_tokens_checked=39|enemies_detected=0|enemy_nations=
23:53:14,1,2,PHASE1_SUMMARY,total_units=0|scouts_identified=0|scouts_deployed=0|enemies_detected=0|combat_opportunities=0|threat_clusters=0
23:53:14,UNKNOWN,UNKNOWN,SCOUT_IDENTIFICATION,total_units=0|scouts_found=0|scout_ids=
23:53:14,UNKNOWN,UNKNOWN,ENEMY_DETECTION,vision_positions=0|total_tokens_checked=39|enemies_detected=0|enemy_nations=
23:53:14,1,2,PHASE1_SUMMARY,total_units=0|scouts_identified=0|scouts_deployed=0|enemies_detected=0|combat_opportunities=0|threat_clusters=0
23:53:14,1,2,PHASE2_SUMMARY,active_plans=0|new_plans=0|executed_plans=0|aborted_plans=0
23:53:14,1,2,TURN_START,player_nation=Polska|total_units=0|available_units=0
23:53:14,1,2,PHASE3_SUMMARY,defenders_assigned=0|kps_covered=0|pe_secure=True|threat_level=0.0|active_plans=0
23:53:14,UNKNOWN,UNKNOWN,SCOUT_IDENTIFICATION,total_units=0|scouts_found=0|scout_ids=
23:53:14,UNKNOWN,UNKNOWN,ENEMY_DETECTION,vision_positions=0|total_tokens_checked=39|enemies_detected=0|enemy_nations=
23:53:14,1,2,PHASE1_SUMMARY,total_units=0|scouts_identified=0|scouts_deployed=0|enemies_detected=0|combat_opportunities=0|threat_clusters=0
23:53:14,UNKNOWN,UNKNOWN,SCOUT_IDENTIFICATION,total_units=0|scouts_found=0|scout_ids=
23:53:14,UNKNOWN,UNKNOWN,ENEMY_DETECTION,vision_positions=0|total_tokens_checked=39|enemies_detected=0|enemy_nations=
23:53:14,1,2,PHASE1_SUMMARY,total_units=0|scouts_identified=0|scouts_deployed=0|enemies_detected=0|combat_opportunities=0|threat_clusters=0
23:53:14,1,2,PHASE2_SUMMARY,active_plans=0|new_plans=0|executed_plans=0|aborted_plans=0
23:53:14,1,2,TURN_START,player_nation=Polska|total_units=0|available_units=0
23:53:14,1,2,PHASE3_SUMMARY,defenders_assigned=0|kps_covered=0|pe_secure=True|threat_level=0.0|active_plans=0
23:53:14,UNKNOWN,2,PHASE_4_COMPLETE,request_generated=False|urgency=NONE|requirements=0|priority_areas=
23:53:15,1,3,TURN_START,player_nation=Polska|total_tokens=0|captured_kps=0
23:53:15,1,3,VP_INTELLIGENCE,"vp_status={'vp_own': 0, 'vp_enemy': 0, 'vp_gap': 0, 'turn': 1, 'max_turns': 30}|trend_direction=STABLE|threat_level=LOW|opportunities_count=0|recommendations_count=0"
23:53:15,UNKNOWN,UNKNOWN,SCOUT_IDENTIFICATION,total_units=0|scouts_found=0|scout_ids=
23:53:15,UNKNOWN,UNKNOWN,ENEMY_DETECTION,vision_positions=0|total_tokens_checked=39|enemies_detected=0|enemy_nations=
23:53:15,1,3,PHASE1_SUMMARY,total_units=0|scouts_identified=0|scouts_deployed=0|enemies_detected=0|combat_opportunities=0|threat_clusters=0
23:53:15,UNKNOWN,UNKNOWN,SCOUT_IDENTIFICATION,total_units=0|scouts_found=0|scout_ids=
23:53:15,UNKNOWN,UNKNOWN,ENEMY_DETECTION,vision_positions=0|total_tokens_checked=39|enemies_detected=0|enemy_nations=
23:53:15,1,3,PHASE1_SUMMARY,total_units=0|scouts_identified=0|scouts_deployed=0|enemies_detected=0|combat_opportunities=0|threat_clusters=0
23:53:15,1,3,PHASE2_SUMMARY,active_plans=0|new_plans=0|executed_plans=0|aborted_plans=0
23:53:15,1,3,TURN_START,player_nation=Polska|total_units=0|available_units=0
23:53:15,1,3,PHASE3_SUMMARY,defenders_assigned=0|kps_covered=0|pe_secure=True|threat_level=0.0|active_plans=0
23:53:15,UNKNOWN,UNKNOWN,SCOUT_IDENTIFICATION,total_units=0|scouts_found=0|scout_ids=
23:53:15,UNKNOWN,UNKNOWN,ENEMY_DETECTION,vision_positions=0|total_tokens_checked=39|enemies_detected=0|enemy_nations=
23:53:15,1,3,PHASE1_SUMMARY,total_units=0|scouts_identified=0|scouts_deployed=0|enemies_detected=0|combat_opportunities=0|threat_clusters=0
23:53:15,UNKNOWN,UNKNOWN,SCOUT_IDENTIFICATION,total_units=0|scouts_found=0|scout_ids=
23:53:15,UNKNOWN,UNKNOWN,ENEMY_DETECTION,vision_positions=0|total_tokens_checked=39|enemies_detected=0|enemy_nations=
23:53:15,1,3,PHASE1_SUMMARY,total_units=0|scouts_identified=0|scouts_deployed=0|enemies_detected=0|combat_opportunities=0|threat_clusters=0
23:53:15,1,3,PHASE2_SUMMARY,active_plans=0|new_plans=0|executed_plans=0|aborted_plans=0
23:53:15,1,3,TURN_START,player_nation=Polska|total_units=0|available_units=0
23:53:15,1,3,PHASE3_SUMMARY,defenders_assigned=0|kps_covered=0|pe_secure=True|threat_level=0.0|active_plans=0
23:53:15,UNKNOWN,3,PHASE_4_COMPLETE,request_generated=False|urgency=NONE|requirements=0|priority_areas=
23:53:17,1,5,TURN_START,player_nation=Niemcy|total_tokens=0|captured_kps=0
23:53:17,1,5,VP_INTELLIGENCE,"vp_status={'vp_own': 0, 'vp_enemy': 0, 'vp_gap': 0, 'turn': 1, 'max_turns': 30}|trend_direction=STABLE|threat_level=LOW|opportunities_count=0|recommendations_count=0"
23:53:17,UNKNOWN,UNKNOWN,SCOUT_IDENTIFICATION,total_units=0|scouts_found=0|scout_ids=
23:53:17,UNKNOWN,UNKNOWN,ENEMY_DETECTION,vision_positions=0|total_tokens_checked=39|enemies_detected=0|enemy_nations=
23:53:17,1,5,PHASE1_SUMMARY,total_units=0|scouts_identified=0|scouts_deployed=0|enemies_detected=0|combat_opportunities=0|threat_clusters=0
23:53:17,UNKNOWN,UNKNOWN,SCOUT_IDENTIFICATION,total_units=0|scouts_found=0|scout_ids=
23:53:17,UNKNOWN,UNKNOWN,ENEMY_DETECTION,vision_positions=0|total_tokens_checked=39|enemies_detected=0|enemy_nations=
23:53:17,1,5,PHASE1_SUMMARY,total_units=0|scouts_identified=0|scouts_deployed=0|enemies_detected=0|combat_opportunities=0|threat_clusters=0
23:53:17,1,5,PHASE2_SUMMARY,active_plans=0|new_plans=0|executed_plans=0|aborted_plans=0
23:53:17,1,5,TURN_START,player_nation=Niemcy|total_units=0|available_units=0
23:53:17,1,5,PHASE3_SUMMARY,defenders_assigned=0|kps_covered=0|pe_secure=True|threat_level=0.0|active_plans=0
23:53:17,UNKNOWN,UNKNOWN,SCOUT_IDENTIFICATION,total_units=0|scouts_found=0|scout_ids=
23:53:17,UNKNOWN,UNKNOWN,ENEMY_DETECTION,vision_positions=0|total_tokens_checked=39|enemies_detected=0|enemy_nations=
23:53:17,1,5,PHASE1_SUMMARY,total_units=0|scouts_identified=0|scouts_deployed=0|enemies_detected=0|combat_opportunities=0|threat_clusters=0
23:53:17,UNKNOWN,UNKNOWN,SCOUT_IDENTIFICATION,total_units=0|scouts_found=0|scout_ids=
23:53:17,UNKNOWN,UNKNOWN,ENEMY_DETECTION,vision_positions=0|total_tokens_checked=39|enemies_detected=0|enemy_nations=
23:53:17,1,5,PHASE1_SUMMARY,total_units=0|scouts_identified=0|scouts_deployed=0|enemies_detected=0|combat_opportunities=0|threat_clusters=0
23:53:17,1,5,PHASE2_SUMMARY,active_plans=0|new_plans=0|executed_plans=0|aborted_plans=0
23:53:17,1,5,TURN_START,player_nation=Niemcy|total_units=0|available_units=0
23:53:17,1,5,PHASE3_SUMMARY,defenders_assigned=0|kps_covered=0|pe_secure=True|threat_level=0.0|active_plans=0
23:53:17,UNKNOWN,5,PHASE_4_COMPLETE,request_generated=False|urgency=NONE|requirements=0|priority_areas=
23:53:19,1,6,TURN_START,player_nation=Niemcy|total_tokens=0|captured_kps=0
23:53:19,1,6,VP_INTELLIGENCE,"vp_status={'vp_own': 0, 'vp_enemy': 0, 'vp_gap': 0, 'turn': 1, 'max_turns': 30}|trend_direction=STABLE|threat_level=LOW|opportunities_count=0|recommendations_count=0"
23:53:19,UNKNOWN,UNKNOWN,SCOUT_IDENTIFICATION,total_units=0|scouts_found=0|scout_ids=
23:53:19,UNKNOWN,UNKNOWN,ENEMY_DETECTION,vision_positions=0|total_tokens_checked=39|enemies_detected=0|enemy_nations=
23:53:19,1,6,PHASE1_SUMMARY,total_units=0|scouts_identified=0|scouts_deployed=0|enemies_detected=0|combat_opportunities=0|threat_clusters=0
23:53:19,UNKNOWN,UNKNOWN,SCOUT_IDENTIFICATION,total_units=0|scouts_found=0|scout_ids=
23:53:19,UNKNOWN,UNKNOWN,ENEMY_DETECTION,vision_positions=0|total_tokens_checked=39|enemies_detected=0|enemy_nations=
23:53:19,1,6,PHASE1_SUMMARY,total_units=0|scouts_identified=0|scouts_deployed=0|enemies_detected=0|combat_opportunities=0|threat_clusters=0
23:53:19,1,6,PHASE2_SUMMARY,active_plans=0|new_plans=0|executed_plans=0|aborted_plans=0
23:53:19,1,6,TURN_START,player_nation=Niemcy|total_units=0|available_units=0
23:53:19,1,6,PHASE3_SUMMARY,defenders_assigned=0|kps_covered=0|pe_secure=True|threat_level=0.0|active_plans=0
23:53:19,UNKNOWN,UNKNOWN,SCOUT_IDENTIFICATION,total_units=0|scouts_found=0|scout_ids=
23:53:19,UNKNOWN,UNKNOWN,ENEMY_DETECTION,vision_positions=0|total_tokens_checked=39|enemies_detected=0|enemy_nations=
23:53:19,1,6,PHASE1_SUMMARY,total_units=0|scouts_identified=0|scouts_deployed=0|enemies_detected=0|combat_opportunities=0|threat_clusters=0
23:53:19,UNKNOWN,UNKNOWN,SCOUT_IDENTIFICATION,total_units=0|scouts_found=0|scout_ids=
23:53:19,UNKNOWN,UNKNOWN,ENEMY_DETECTION,vision_positions=0|total_tokens_checked=39|enemies_detected=0|enemy_nations=
23:53:19,1,6,PHASE1_SUMMARY,total_units=0|scouts_identified=0|scouts_deployed=0|enemies_detected=0|combat_opportunities=0|threat_clusters=0
23:53:19,1,6,PHASE2_SUMMARY,active_plans=0|new_plans=0|executed_plans=0|aborted_plans=0
23:53:19,1,6,TURN_START,player_nation=Niemcy|total_units=0|available_units=0
23:53:19,1,6,PHASE3_SUMMARY,defenders_assigned=0|kps_covered=0|pe_secure=True|threat_level=0.0|active_plans=0
23:53:19,UNKNOWN,6,PHASE_4_COMPLETE,request_generated=False|urgency=NONE|requirements=0|priority_areas=
23:53:20,1,2,TURN_START,player_nation=Polska|total_tokens=0|captured_kps=0
23:53:20,1,2,VP_INTELLIGENCE,"vp_status={'vp_own': 0, 'vp_enemy': 0, 'vp_gap': 0, 'turn': 1, 'max_turns': 30}|trend_direction=STABLE|threat_level=LOW|opportunities_count=0|recommendations_count=0"
23:53:20,UNKNOWN,UNKNOWN,SCOUT_IDENTIFICATION,total_units=0|scouts_found=0|scout_ids=
23:53:20,UNKNOWN,UNKNOWN,ENEMY_DETECTION,vision_positions=0|total_tokens_checked=39|enemies_detected=0|enemy_nations=
23:53:20,1,2,PHASE1_SUMMARY,total_units=0|scouts_identified=0|scouts_deployed=0|enemies_detected=0|combat_opportunities=0|threat_clusters=0
23:53:20,UNKNOWN,UNKNOWN,SCOUT_IDENTIFICATION,total_units=0|scouts_found=0|scout_ids=
23:53:20,UNKNOWN,UNKNOWN,ENEMY_DETECTION,vision_positions=0|total_tokens_checked=39|enemies_detected=0|enemy_nations=
23:53:20,1,2,PHASE1_SUMMARY,total_units=0|scouts_identified=0|scouts_deployed=0|enemies_detected=0|combat_opportunities=0|threat_clusters=0
23:53:20,1,2,PHASE2_SUMMARY,active_plans=0|new_plans=0|executed_plans=0|aborted_plans=0
23:53:20,1,2,TURN_START,player_nation=Polska|total_units=0|available_units=0
23:53:20,1,2,PHASE3_SUMMARY,defenders_assigned=0|kps_covered=0|pe_secure=True|threat_level=0.0|active_plans=0
23:53:20,UNKNOWN,UNKNOWN,SCOUT_IDENTIFICATION,total_units=0|scouts_found=0|scout_ids=
23:53:20,UNKNOWN,UNKNOWN,ENEMY_DETECTION,vision_positions=0|total_tokens_checked=39|enemies_detected=0|enemy_nations=
23:53:20,1,2,PHASE1_SUMMARY,total_units=0|scouts_identified=0|scouts_deployed=0|enemies_detected=0|combat_opportunities=0|threat_clusters=0
23:53:20,UNKNOWN,UNKNOWN,SCOUT_IDENTIFICATION,total_units=0|scouts_found=0|scout_ids=
23:53:20,UNKNOWN,UNKNOWN,ENEMY_DETECTION,vision_positions=0|total_tokens_checked=39|enemies_detected=0|enemy_nations=
23:53:20,1,2,PHASE1_SUMMARY,total_units=0|scouts_identified=0|scouts_deployed=0|enemies_detected=0|combat_opportunities=0|threat_clusters=0
23:53:20,1,2,PHASE2_SUMMARY,active_plans=0|new_plans=0|executed_plans=0|aborted_plans=0
23:53:20,1,2,TURN_START,player_nation=Polska|total_units=0|available_units=0
23:53:20,1,2,PHASE3_SUMMARY,defenders_assigned=0|kps_covered=0|pe_secure=True|threat_level=0.0|active_plans=0
23:53:20,UNKNOWN,2,PHASE_4_COMPLETE,request_generated=False|urgency=NONE|requirements=0|priority_areas=
23:53:21,1,3,TURN_START,player_nation=Polska|total_tokens=0|captured_kps=0
23:53:21,1,3,VP_INTELLIGENCE,"vp_status={'vp_own': 0, 'vp_enemy': 0, 'vp_gap': 0, 'turn': 1, 'max_turns': 30}|trend_direction=STABLE|threat_level=LOW|opportunities_count=0|recommendations_count=0"
23:53:21,UNKNOWN,UNKNOWN,SCOUT_IDENTIFICATION,total_units=0|scouts_found=0|scout_ids=
23:53:21,UNKNOWN,UNKNOWN,ENEMY_DETECTION,vision_positions=0|total_tokens_checked=39|enemies_detected=0|enemy_nations=
23:53:21,1,3,PHASE1_SUMMARY,total_units=0|scouts_identified=0|scouts_deployed=0|enemies_detected=0|combat_opportunities=0|threat_clusters=0
23:53:21,UNKNOWN,UNKNOWN,SCOUT_IDENTIFICATION,total_units=0|scouts_found=0|scout_ids=
23:53:21,UNKNOWN,UNKNOWN,ENEMY_DETECTION,vision_positions=0|total_tokens_checked=39|enemies_detected=0|enemy_nations=
23:53:21,1,3,PHASE1_SUMMARY,total_units=0|scouts_identified=0|scouts_deployed=0|enemies_detected=0|combat_opportunities=0|threat_clusters=0
23:53:21,1,3,PHASE2_SUMMARY,active_plans=0|new_plans=0|executed_plans=0|aborted_plans=0
23:53:21,1,3,TURN_START,player_nation=Polska|total_units=0|available_units=0
23:53:21,1,3,PHASE3_SUMMARY,defenders_assigned=0|kps_covered=0|pe_secure=True|threat_level=0.0|active_plans=0
23:53:21,UNKNOWN,UNKNOWN,SCOUT_IDENTIFICATION,total_units=0|scouts_found=0|scout_ids=
23:53:21,UNKNOWN,UNKNOWN,ENEMY_DETECTION,vision_positions=0|total_tokens_checked=39|enemies_detected=0|enemy_nations=
23:53:21,1,3,PHASE1_SUMMARY,total_units=0|scouts_identified=0|scouts_deployed=0|enemies_detected=0|combat_opportunities=0|threat_clusters=0
23:53:21,UNKNOWN,UNKNOWN,SCOUT_IDENTIFICATION,total_units=0|scouts_found=0|scout_ids=
23:53:21,UNKNOWN,UNKNOWN,ENEMY_DETECTION,vision_positions=0|total_tokens_checked=39|enemies_detected=0|enemy_nations=
23:53:21,1,3,PHASE1_SUMMARY,total_units=0|scouts_identified=0|scouts_deployed=0|enemies_detected=0|combat_opportunities=0|threat_clusters=0
23:53:21,1,3,PHASE2_SUMMARY,active_plans=0|new_plans=0|executed_plans=0|aborted_plans=0
23:53:21,1,3,TURN_START,player_nation=Polska|total_units=0|available_units=0
23:53:21,1,3,PHASE3_SUMMARY,defenders_assigned=0|kps_covered=0|pe_secure=True|threat_level=0.0|active_plans=0
23:53:21,UNKNOWN,3,PHASE_4_COMPLETE,request_generated=False|urgency=NONE|requirements=0|priority_areas=
23:53:24,1,5,TURN_START,player_nation=Niemcy|total_tokens=0|captured_kps=0
23:53:24,1,5,VP_INTELLIGENCE,"vp_status={'vp_own': 0, 'vp_enemy': 0, 'vp_gap': 0, 'turn': 1, 'max_turns': 30}|trend_direction=STABLE|threat_level=LOW|opportunities_count=0|recommendations_count=0"
23:53:24,UNKNOWN,UNKNOWN,SCOUT_IDENTIFICATION,total_units=0|scouts_found=0|scout_ids=
23:53:24,UNKNOWN,UNKNOWN,ENEMY_DETECTION,vision_positions=0|total_tokens_checked=39|enemies_detected=0|enemy_nations=
23:53:24,1,5,PHASE1_SUMMARY,total_units=0|scouts_identified=0|scouts_deployed=0|enemies_detected=0|combat_opportunities=0|threat_clusters=0
23:53:24,UNKNOWN,UNKNOWN,SCOUT_IDENTIFICATION,total_units=0|scouts_found=0|scout_ids=
23:53:24,UNKNOWN,UNKNOWN,ENEMY_DETECTION,vision_positions=0|total_tokens_checked=39|enemies_detected=0|enemy_nations=
23:53:24,1,5,PHASE1_SUMMARY,total_units=0|scouts_identified=0|scouts_deployed=0|enemies_detected=0|combat_opportunities=0|threat_clusters=0
23:53:24,1,5,PHASE2_SUMMARY,active_plans=0|new_plans=0|executed_plans=0|aborted_plans=0
23:53:24,1,5,TURN_START,player_nation=Niemcy|total_units=0|available_units=0
23:53:24,1,5,PHASE3_SUMMARY,defenders_assigned=0|kps_covered=0|pe_secure=True|threat_level=0.0|active_plans=0
23:53:24,UNKNOWN,UNKNOWN,SCOUT_IDENTIFICATION,total_units=0|scouts_found=0|scout_ids=
23:53:24,UNKNOWN,UNKNOWN,ENEMY_DETECTION,vision_positions=0|total_tokens_checked=39|enemies_detected=0|enemy_nations=
23:53:24,1,5,PHASE1_SUMMARY,total_units=0|scouts_identified=0|scouts_deployed=0|enemies_detected=0|combat_opportunities=0|threat_clusters=0
23:53:24,UNKNOWN,UNKNOWN,SCOUT_IDENTIFICATION,total_units=0|scouts_found=0|scout_ids=
23:53:24,UNKNOWN,UNKNOWN,ENEMY_DETECTION,vision_positions=0|total_tokens_checked=39|enemies_detected=0|enemy_nations=
23:53:24,1,5,PHASE1_SUMMARY,total_units=0|scouts_identified=0|scouts_deployed=0|enemies_detected=0|combat_opportunities=0|threat_clusters=0
23:53:24,1,5,PHASE2_SUMMARY,active_plans=0|new_plans=0|executed_plans=0|aborted_plans=0
23:53:24,1,5,TURN_START,player_nation=Niemcy|total_units=0|available_units=0
23:53:24,1,5,PHASE3_SUMMARY,defenders_assigned=0|kps_covered=0|pe_secure=True|threat_level=0.0|active_plans=0
23:53:24,UNKNOWN,5,PHASE_4_COMPLETE,request_generated=False|urgency=NONE|requirements=0|priority_areas=
23:53:25,1,6,TURN_START,player_nation=Niemcy|total_tokens=0|captured_kps=0
23:53:25,1,6,VP_INTELLIGENCE,"vp_status={'vp_own': 0, 'vp_enemy': 0, 'vp_gap': 0, 'turn': 1, 'max_turns': 30}|trend_direction=STABLE|threat_level=LOW|opportunities_count=0|recommendations_count=0"
23:53:25,UNKNOWN,UNKNOWN,SCOUT_IDENTIFICATION,total_units=0|scouts_found=0|scout_ids=
23:53:25,UNKNOWN,UNKNOWN,ENEMY_DETECTION,vision_positions=0|total_tokens_checked=39|enemies_detected=0|enemy_nations=
23:53:25,1,6,PHASE1_SUMMARY,total_units=0|scouts_identified=0|scouts_deployed=0|enemies_detected=0|combat_opportunities=0|threat_clusters=0
23:53:25,UNKNOWN,UNKNOWN,SCOUT_IDENTIFICATION,total_units=0|scouts_found=0|scout_ids=
23:53:25,UNKNOWN,UNKNOWN,ENEMY_DETECTION,vision_positions=0|total_tokens_checked=39|enemies_detected=0|enemy_nations=
23:53:25,1,6,PHASE1_SUMMARY,total_units=0|scouts_identified=0|scouts_deployed=0|enemies_detected=0|combat_opportunities=0|threat_clusters=0
23:53:25,1,6,PHASE2_SUMMARY,active_plans=0|new_plans=0|executed_plans=0|aborted_plans=0
23:53:25,1,6,TURN_START,player_nation=Niemcy|total_units=0|available_units=0
23:53:25,1,6,PHASE3_SUMMARY,defenders_assigned=0|kps_covered=0|pe_secure=True|threat_level=0.0|active_plans=0
23:53:25,UNKNOWN,UNKNOWN,SCOUT_IDENTIFICATION,total_units=0|scouts_found=0|scout_ids=
23:53:25,UNKNOWN,UNKNOWN,ENEMY_DETECTION,vision_positions=0|total_tokens_checked=39|enemies_detected=0|enemy_nations=
23:53:25,1,6,PHASE1_SUMMARY,total_units=0|scouts_identified=0|scouts_deployed=0|enemies_detected=0|combat_opportunities=0|threat_clusters=0
23:53:25,UNKNOWN,UNKNOWN,SCOUT_IDENTIFICATION,total_units=0|scouts_found=0|scout_ids=
23:53:25,UNKNOWN,UNKNOWN,ENEMY_DETECTION,vision_positions=0|total_tokens_checked=39|enemies_detected=0|enemy_nations=
23:53:25,1,6,PHASE1_SUMMARY,total_units=0|scouts_identified=0|scouts_deployed=0|enemies_detected=0|combat_opportunities=0|threat_clusters=0
23:53:25,1,6,PHASE2_SUMMARY,active_plans=0|new_plans=0|executed_plans=0|aborted_plans=0
23:53:25,1,6,TURN_START,player_nation=Niemcy|total_units=0|available_units=0
23:53:25,1,6,PHASE3_SUMMARY,defenders_assigned=0|kps_covered=0|pe_secure=True|threat_level=0.0|active_plans=0
23:53:25,UNKNOWN,6,PHASE_4_COMPLETE,request_generated=False|urgency=NONE|requirements=0|priority_areas=
